{
  "items": [
    {
      "id": "apple",
      "name": "Manzana",
      "categoryId": "fruit",
      "categoryName": "Fruta",
      "subDirectory": "fruits",
      "texture": "apple.png"
    },
    {
      "id": "apricot",
      "name": "Albaricoque",
      "categoryId": "fruit",
      "categoryName": "Fruta",
      "subDirectory": "fruits",
      "texture": "apricot.png"
    },
    {
      "id": "avocado",
      "name": "Palta",
      "categoryId": "fruit",
      "categoryName": "Fruta",
      "subDirectory": "fruits",
      "texture": "avocado.png"
    },
    {
      "id": "banana",
      "name": "Banana",
      "categoryId": "fruit",
      "categoryName": "Fruta",
      "subDirectory": "fruits",
      "texture": "banana.png"
    },
    {
      "id": "beetlebean",
      "name": "Escarabajo",
      "categoryId": "vegetable",
      "categoryName": "Verdura",
      "subDirectory": "vegetables",
      "texture": "beetlebean.png"
    },
    {
      "id": "bilberry",
      "name": "Arándano",
      "categoryId": "fruit",
      "categoryName": "Fruta",
      "subDirectory": "fruits",
      "texture": "bilberry.png"
    },
    {
      "id": "blackberry",
      "name": "Zarzamora",
      "categoryId": "fruit",
      "categoryName": "Fruta",
      "subDirectory": "fruits",
      "texture": "blackberry.png"
    },
    {
      "id": "blackcurrant",
      "name": "Grosella negra",
      "categoryId": "fruit",
      "categoryName": "Fruta",
      "subDirectory": "fruits",
      "texture": "blackcurrant.png"
    },
    {
      "id": "blackrowan",
      "name": "Blackrowan",
      "categoryId": "fruit",
      "categoryName": "Fruta",
      "subDirectory": "fruits",
      "texture": "blackrowan.png"
    },
    {
      "id": "blackthorn",
      "name": "Endrino",
      "categoryId": "fruit",
      "categoryName": "Fruta",
      "subDirectory": "fruits",
      "texture": "blackthorn.png"
    },
    {
      "id": "bloodorange",
      "name": "Naranja sanguina",
      "categoryId": "fruit",
      "categoryName": "Fruta",
      "subDirectory": "fruits",
      "texture": "bloodorange.png"
    },
    {
      "id": "blueberry",
      "name": "Arándano",
      "categoryId": "fruit",
      "categoryName": "Fruta",
      "subDirectory": "fruits",
      "texture": "blueberry.png"
    },
    {
      "id": "bluehoneysuckleberry",
      "name": "Arándano azul",
      "categoryId": "fruit",
      "categoryName": "Fruta",
      "subDirectory": "fruits",
      "texture": "bluehoneysuckleberry.png"
    },
    {
      "id": "bramleyapple",
      "name": "Bramleyapple",
      "categoryId": "fruit",
      "categoryName": "Fruta",
      "subDirectory": "fruits",
      "texture": "bramleyapple.png"
    },
    {
      "id": "carob",
      "name": "Algarroba",
      "categoryId": "fruit",
      "categoryName": "Fruta",
      "subDirectory": "fruits",
      "texture": "carob.png"
    },
    {
      "id": "cherry",
      "name": "Cereza",
      "categoryId": "fruit",
      "categoryName": "Fruta",
      "subDirectory": "fruits",
      "texture": "cherry.png"
    },
    {
      "id": "cherryplum",
      "name": "Cherry",
      "categoryId": "fruit",
      "categoryName": "Fruta",
      "subDirectory": "fruits",
      "texture": "cherryplum.png"
    },
    {
      "id": "chokeberry",
      "name": "Chokeberry",
      "categoryId": "fruit",
      "categoryName": "Fruta",
      "subDirectory": "fruits",
      "texture": "chokeberry.png"
    },
    {
      "id": "citrus",
      "name": "Agrios",
      "categoryId": "fruit",
      "categoryName": "Fruta",
      "subDirectory": "fruits",
      "texture": "citrus.png"
    },
    {
      "id": "clementine",
      "name": "Clementina",
      "categoryId": "fruit",
      "categoryName": "Fruta",
      "subDirectory": "fruits",
      "texture": "clementine.png"
    },
    {
      "id": "cloudberry",
      "name": "Nubes",
      "categoryId": "fruit",
      "categoryName": "Fruta",
      "subDirectory": "fruits",
      "texture": "cloudberry.png"
    },
    {
      "id": "cranberry",
      "name": "Arándano",
      "categoryId": "fruit",
      "categoryName": "Fruta",
      "subDirectory": "fruits",
      "texture": "cranberry.png"
    },
    {
      "id": "crabapple",
      "name": "Cangrejo",
      "categoryId": "fruit",
      "categoryName": "Fruta",
      "subDirectory": "fruits",
      "texture": "crabapple.png"
    },
    {
      "id": "custardapple",
      "name": "Capricho",
      "categoryId": "fruit",
      "categoryName": "Fruta",
      "subDirectory": "fruits",
      "texture": "custardapple.png"
    },
    {
      "id": "donutpeach",
      "name": "Donutpeach",
      "categoryId": "fruit",
      "categoryName": "Fruta",
      "subDirectory": "fruits",
      "texture": "donutpeach.png"
    },
    {
      "id": "elderberry",
      "name": "Saveberry",
      "categoryId": "fruit",
      "categoryName": "Fruta",
      "subDirectory": "fruits",
      "texture": "elderberry.png"
    },
    {
      "id": "fig",
      "name": "Higo",
      "categoryId": "fruit",
      "categoryName": "Fruta",
      "subDirectory": "fruits",
      "texture": "fig.png"
    },
    {
      "id": "gooseberry",
      "name": "Grosella",
      "categoryId": "fruit",
      "categoryName": "Fruta",
      "subDirectory": "fruits",
      "texture": "gooseberry.png"
    },
    {
      "id": "grape",
      "name": "Uva",
      "categoryId": "fruit",
      "categoryName": "Fruta",
      "subDirectory": "fruits",
      "texture": "grape.png"
    },
    {
      "id": "grapefruit",
      "name": "Pomelo",
      "categoryId": "fruit",
      "categoryName": "Fruta",
      "subDirectory": "fruits",
      "texture": "grapefruit.png"
    },
    {
      "id": "greengage",
      "name": "Holgazán",
      "categoryId": "fruit",
      "categoryName": "Fruta",
      "subDirectory": "fruits",
      "texture": "greengage.png"
    },
    {
      "id": "guava",
      "name": "Guayaba",
      "categoryId": "fruit",
      "categoryName": "Fruta",
      "subDirectory": "fruits",
      "texture": "guava.png"
    },
    {
      "id": "jujube",
      "name": "Pastilla",
      "categoryId": "fruit",
      "categoryName": "Fruta",
      "subDirectory": "fruits",
      "texture": "jujube.png"
    },
    {
      "id": "kiwi",
      "name": "Kiwi",
      "categoryId": "fruit",
      "categoryName": "Fruta",
      "subDirectory": "fruits",
      "texture": "kiwi.png"
    },
    {
      "id": "lemon",
      "name": "Limón",
      "categoryId": "fruit",
      "categoryName": "Fruta",
      "subDirectory": "fruits",
      "texture": "lemon.png"
    },
    {
      "id": "lingonberry",
      "name": "Lengonándon",
      "categoryId": "fruit",
      "categoryName": "Fruta",
      "subDirectory": "fruits",
      "texture": "lingonberry.png"
    },
    {
      "id": "loganberry",
      "name": "Loganberry",
      "categoryId": "fruit",
      "categoryName": "Fruta",
      "subDirectory": "fruits",
      "texture": "loganberry.png"
    },
    {
      "id": "loquat",
      "name": "Bucle",
      "categoryId": "fruit",
      "categoryName": "Fruta",
      "subDirectory": "fruits",
      "texture": "loquat.png"
    },
    {
      "id": "mandarin",
      "name": "mandarín",
      "categoryId": "fruit",
      "categoryName": "Fruta",
      "subDirectory": "fruits",
      "texture": "mandarin.png"
    },
    {
      "id": "mango",
      "name": "mango",
      "categoryId": "fruit",
      "categoryName": "Fruta",
      "subDirectory": "fruits",
      "texture": "mango.png"
    },
    {
      "id": "mantorestangerine",
      "name": "Mantorestangerina",
      "categoryId": "fruit",
      "categoryName": "Fruta",
      "subDirectory": "fruits",
      "texture": "mantorestangerine.png"
    },
    {
      "id": "medlar",
      "name": "Níspero",
      "categoryId": "fruit",
      "categoryName": "Fruta",
      "subDirectory": "fruits",
      "texture": "medlar.png"
    },
    {
      "id": "melon",
      "name": "Melón",
      "categoryId": "fruit",
      "categoryName": "Fruta",
      "subDirectory": "fruits",
      "texture": "melon.png"
    },
    {
      "id": "mirabelleplum",
      "name": "Mirabelleplum",
      "categoryId": "fruit",
      "categoryName": "Fruta",
      "subDirectory": "fruits",
      "texture": "mirabelleplum.png"
    },
    {
      "id": "mulberry",
      "name": "Mora",
      "categoryId": "fruit",
      "categoryName": "Fruta",
      "subDirectory": "fruits",
      "texture": "mulberry.png"
    },
    {
      "id": "muskmelon",
      "name": "Almizcle",
      "categoryId": "fruit",
      "categoryName": "Fruta",
      "subDirectory": "fruits",
      "texture": "muskmelon.png"
    },
    {
      "id": "nectarine",
      "name": "Nectarina",
      "categoryId": "fruit",
      "categoryName": "Fruta",
      "subDirectory": "fruits",
      "texture": "nectarine.png"
    },
    {
      "id": "orange",
      "name": "Naranja",
      "categoryId": "fruit",
      "categoryName": "Fruta",
      "subDirectory": "fruits",
      "texture": "orange.png"
    },
    {
      "id": "papaya",
      "name": "Papaya",
      "categoryId": "fruit",
      "categoryName": "Fruta",
      "subDirectory": "fruits",
      "texture": "papaya.png"
    },
    {
      "id": "peach",
      "name": "Durazno",
      "categoryId": "fruit",
      "categoryName": "Fruta",
      "subDirectory": "fruits",
      "texture": "peach.png"
    },
    {
      "id": "pear",
      "name": "Pera",
      "categoryId": "fruit",
      "categoryName": "Fruta",
      "subDirectory": "fruits",
      "texture": "pear.png"
    },
    {
      "id": "persimmon",
      "name": "Caqui",
      "categoryId": "fruit",
      "categoryName": "Fruta",
      "subDirectory": "fruits",
      "texture": "persimmon.png"
    },
    {
      "id": "pineapple",
      "name": "Piña",
      "categoryId": "fruit",
      "categoryName": "Fruta",
      "subDirectory": "fruits",
      "texture": "pineapple.png"
    },
    {
      "id": "plum",
      "name": "Ciruela",
      "categoryId": "fruit",
      "categoryName": "Fruta",
      "subDirectory": "fruits",
      "texture": "plum.png"
    },
    {
      "id": "pomegranate",
      "name": "Granada",
      "categoryId": "fruit",
      "categoryName": "Fruta",
      "subDirectory": "fruits",
      "texture": "pomegranate.png"
    },
    {
      "id": "pomelo",
      "name": "Pomelo",
      "categoryId": "fruit",
      "categoryName": "Fruta",
      "subDirectory": "fruits",
      "texture": "pomelo.png"
    },
    {
      "id": "pricklypear",
      "name": "Espinoso",
      "categoryId": "fruit",
      "categoryName": "Fruta",
      "subDirectory": "fruits",
      "texture": "pricklypear.png"
    },
    {
      "id": "prune",
      "name": "Ciruela pasa",
      "categoryId": "fruit",
      "categoryName": "Fruta",
      "subDirectory": "fruits",
      "texture": "prune.png"
    },
    {
      "id": "quince",
      "name": "Membrillo",
      "categoryId": "fruit",
      "categoryName": "Fruta",
      "subDirectory": "fruits",
      "texture": "quince.png"
    },
    {
      "id": "raspberry",
      "name": "Frambuesa",
      "categoryId": "fruit",
      "categoryName": "Fruta",
      "subDirectory": "fruits",
      "texture": "raspberry.png"
    },
    {
      "id": "redberry",
      "name": "Rojizo",
      "categoryId": "fruit",
      "categoryName": "Fruta",
      "subDirectory": "fruits",
      "texture": "redberry.png"
    },
    {
      "id": "redcurrant",
      "name": "Grosella roja",
      "categoryId": "fruit",
      "categoryName": "Fruta",
      "subDirectory": "fruits",
      "texture": "redcurrant.png"
    },
    {
      "id": "seabuckthorn",
      "name": "Seabuckthorn",
      "categoryId": "fruit",
      "categoryName": "Fruta",
      "subDirectory": "fruits",
      "texture": "seabuckthorn.png"
    },
    {
      "id": "strawberry",
      "name": "Fresa",
      "categoryId": "fruit",
      "categoryName": "Fruta",
      "subDirectory": "fruits",
      "texture": "strawberry.png"
    },
    {
      "id": "summerapple",
      "name": "Summerapple",
      "categoryId": "fruit",
      "categoryName": "Fruta",
      "subDirectory": "fruits",
      "texture": "summerapple.png"
    },
    {
      "id": "summerorange",
      "name": "Summerange",
      "categoryId": "fruit",
      "categoryName": "Fruta",
      "subDirectory": "fruits",
      "texture": "summerorange.png"
    },
    {
      "id": "tangerine",
      "name": "Mandarina",
      "categoryId": "fruit",
      "categoryName": "Fruta",
      "subDirectory": "fruits",
      "texture": "tangerine.png"
    },
    {
      "id": "tayberry",
      "name": "Tayberry",
      "categoryId": "fruit",
      "categoryName": "Fruta",
      "subDirectory": "fruits",
      "texture": "tayberry.png"
    },
    {
      "id": "watermelon",
      "name": "Sandía",
      "categoryId": "fruit",
      "categoryName": "Fruta",
      "subDirectory": "fruits",
      "texture": "watermelon.png"
    },
    {
      "id": "whitecurrant",
      "name": "Grosella blanca",
      "categoryId": "fruit",
      "categoryName": "Fruta",
      "subDirectory": "fruits",
      "texture": "whitecurrant.png"
    },
    {
      "id": "whitemulberry",
      "name": "Blanqueo",
      "categoryId": "fruit",
      "categoryName": "Fruta",
      "subDirectory": "fruits",
      "texture": "whitemulberry.png"
    },
    {
      "id": "winterapple",
      "name": "Winterapple",
      "categoryId": "fruit",
      "categoryName": "Fruta",
      "subDirectory": "fruits",
      "texture": "winterapple.png"
    },
    {
      "id": "artichoke",
      "name": "Alcachofa",
      "categoryId": "vegetable",
      "categoryName": "Verdura",
      "subDirectory": "vegetables",
      "texture": "artichoke.png"
    },
    {
      "id": "arugula",
      "name": "Rúcula",
      "categoryId": "vegetable",
      "categoryName": "Verdura",
      "subDirectory": "vegetables",
      "texture": "arugula.png"
    },
    {
      "id": "asparagus",
      "name": "Espárragos",
      "categoryId": "vegetable",
      "categoryName": "Verdura",
      "subDirectory": "vegetables",
      "texture": "asparagus.png"
    },
    {
      "id": "aubergine",
      "name": "Berenjena",
      "categoryId": "vegetable",
      "categoryName": "Verdura",
      "subDirectory": "vegetables",
      "texture": "aubergine.png"
    },
    {
      "id": "batavialettuce",
      "name": "Lechuga de batavia",
      "categoryId": "vegetable",
      "categoryName": "Verdura",
      "subDirectory": "vegetables",
      "texture": "batavialettuce.png"
    },
    {
      "id": "bayboletemushroom",
      "name": "Hongo Bay Bolete",
      "categoryId": "vegetable",
      "categoryName": "Verdura",
      "subDirectory": "vegetables",
      "texture": "bayboletemushroom.png"
    },
    {
      "id": "bean",
      "name": "Frijol",
      "categoryId": "vegetable",
      "categoryName": "Verdura",
      "subDirectory": "vegetables",
      "texture": "bean.png"
    },
    {
      "id": "beechhatmushroom",
      "name": "Champiñón de sombrero de haya",
      "categoryId": "vegetable",
      "categoryName": "Verdura",
      "subDirectory": "vegetables",
      "texture": "beechhatmushroom.png"
    },
    {
      "id": "beetlebean",
      "name": "Frijol de escarabajo",
      "categoryId": "vegetable",
      "categoryName": "Verdura",
      "subDirectory": "vegetables",
      "texture": "beetlebean.png"
    },
    {
      "id": "beetroot",
      "name": "Remolacha",
      "categoryId": "vegetable",
      "categoryName": "Verdura",
      "subDirectory": "vegetables",
      "texture": "beetroot.png"
    },
    {
      "id": "bellpepper",
      "name": "Pimiento",
      "categoryId": "vegetable",
      "categoryName": "Verdura",
      "subDirectory": "vegetables",
      "texture": "bellpepper.png"
    },
    {
      "id": "blackbean",
      "name": "Frijol negro",
      "categoryId": "vegetable",
      "categoryName": "Verdura",
      "subDirectory": "vegetables",
      "texture": "blackbean.png"
    },
    {
      "id": "blackeyedpea",
      "name": "Guisante de ojos negros",
      "categoryId": "vegetable",
      "categoryName": "Verdura",
      "subDirectory": "vegetables",
      "texture": "blackeyedpea.png"
    },
    {
      "id": "blackradish",
      "name": "Rábano negro",
      "categoryId": "vegetable",
      "categoryName": "Verdura",
      "subDirectory": "vegetables",
      "texture": "blackradish.png"
    },
    {
      "id": "boletusmushroom",
      "name": "Hongo boletus",
      "categoryId": "vegetable",
      "categoryName": "Verdura",
      "subDirectory": "vegetables",
      "texture": "boletusmushroom.png"
    },
    {
      "id": "broadbean",
      "name": "Haba verde",
      "categoryId": "vegetable",
      "categoryName": "Verdura",
      "subDirectory": "vegetables",
      "texture": "broadbean.png"
    },
    {
      "id": "broccolini",
      "name": "Brócolini",
      "categoryId": "vegetable",
      "categoryName": "Verdura",
      "subDirectory": "vegetables",
      "texture": "broccolini.png"
    },
    {
      "id": "broccoli",
      "name": "Brócoli",
      "categoryId": "vegetable",
      "categoryName": "Verdura",
      "subDirectory": "vegetables",
      "texture": "broccoli.png"
    },
    {
      "id": "brownbean",
      "name": "Frijol marrón",
      "categoryId": "vegetable",
      "categoryName": "Verdura",
      "subDirectory": "vegetables",
      "texture": "brownbean.png"
    },
    {
      "id": "brusselssprout",
      "name": "Sprout de Bruselas",
      "categoryId": "vegetable",
      "categoryName": "Verdura",
      "subDirectory": "vegetables",
      "texture": "brusselssprout.png"
    },
    {
      "id": "butternutsquash",
      "name": "Calabaza",
      "categoryId": "vegetable",
      "categoryName": "Verdura",
      "subDirectory": "vegetables",
      "texture": "butternutsquash.png"
    },
    {
      "id": "cabbage",
      "name": "Repollo",
      "categoryId": "vegetable",
      "categoryName": "Verdura",
      "subDirectory": "vegetables",
      "texture": "cabbage.png"
    },
    {
      "id": "cardoon",
      "name": "Cardo",
      "categoryId": "vegetable",
      "categoryName": "Verdura",
      "subDirectory": "vegetables",
      "texture": "cardoon.png"
    },
    {
      "id": "carrot",
      "name": "Zanahoria",
      "categoryId": "vegetable",
      "categoryName": "Verdura",
      "subDirectory": "vegetables",
      "texture": "carrot.png"
    },
    {
      "id": "catalognapuntarelle",
      "name": "Puntarela de Cataluña",
      "categoryId": "vegetable",
      "categoryName": "Verdura",
      "subDirectory": "vegetables",
      "texture": "catalognapuntarelle.png"
    },
    {
      "id": "cauliflower",
      "name": "Coliflor",
      "categoryId": "vegetable",
      "categoryName": "Verdura",
      "subDirectory": "vegetables",
      "texture": "cauliflower.png"
    },
    {
      "id": "cavolonero",
      "name": "Repollo negro",
      "categoryId": "vegetable",
      "categoryName": "Verdura",
      "subDirectory": "vegetables",
      "texture": "cavolonero.png"
    },
    {
      "id": "celeriac",
      "name": "Celeriaco",
      "categoryId": "vegetable",
      "categoryName": "Verdura",
      "subDirectory": "vegetables",
      "texture": "celeriac.png"
    },
    {
      "id": "celery",
      "name": "Apio",
      "categoryId": "vegetable",
      "categoryName": "Verdura",
      "subDirectory": "vegetables",
      "texture": "celery.png"
    },
    {
      "id": "chanterellemushroom",
      "name": "Champiñón",
      "categoryId": "vegetable",
      "categoryName": "Verdura",
      "subDirectory": "vegetables",
      "texture": "chanterellemushroom.png"
    },
    {
      "id": "chard",
      "name": "Acelga",
      "categoryId": "vegetable",
      "categoryName": "Verdura",
      "subDirectory": "vegetables",
      "texture": "chard.png"
    },
    {
      "id": "chayote",
      "name": "Chayote",
      "categoryId": "vegetable",
      "categoryName": "Verdura",
      "subDirectory": "vegetables",
      "texture": "chayote.png"
    },
    {
      "id": "chicory",
      "name": "Achicoria",
      "categoryId": "vegetable",
      "categoryName": "Verdura",
      "subDirectory": "vegetables",
      "texture": "chicory.png"
    },
    {
      "id": "chili",
      "name": "Chile",
      "categoryId": "vegetable",
      "categoryName": "Verdura",
      "subDirectory": "vegetables",
      "texture": "chili.png"
    },
    {
      "id": "chinesecabbage",
      "name": "Repollo chino",
      "categoryId": "vegetable",
      "categoryName": "Verdura",
      "subDirectory": "vegetables",
      "texture": "chinesecabbage.png"
    },
    {
      "id": "courgette",
      "name": "Calabacín",
      "categoryId": "vegetable",
      "categoryName": "Verdura",
      "subDirectory": "vegetables",
      "texture": "courgette.png"
    },
    {
      "id": "cress",
      "name": "Berro",
      "categoryId": "vegetable",
      "categoryName": "Verdura",
      "subDirectory": "vegetables",
      "texture": "cress.png"
    },
    {
      "id": "cucumber",
      "name": "Pepino",
      "categoryId": "vegetable",
      "categoryName": "Verdura",
      "subDirectory": "vegetables",
      "texture": "cucumber.png"
    },
    {
      "id": "curlyendive",
      "name": "Endivir rizado",
      "categoryId": "vegetable",
      "categoryName": "Verdura",
      "subDirectory": "vegetables",
      "texture": "curlyendive.png"
    },
    {
      "id": "emperormushroom",
      "name": "Hongo emperador",
      "categoryId": "vegetable",
      "categoryName": "Verdura",
      "subDirectory": "vegetables",
      "texture": "emperormushroom.png"
    },
    {
      "id": "endive",
      "name": "Endibia",
      "categoryId": "vegetable",
      "categoryName": "Verdura",
      "subDirectory": "vegetables",
      "texture": "endive.png"
    },
    {
      "id": "enokimushroom",
      "name": "Hongo enoki",
      "categoryId": "vegetable",
      "categoryName": "Verdura",
      "subDirectory": "vegetables",
      "texture": "enokimushroom.png"
    },
    {
      "id": "fennel",
      "name": "Hinojo",
      "categoryId": "vegetable",
      "categoryName": "Verdura",
      "subDirectory": "vegetables",
      "texture": "fennel.png"
    },
    {
      "id": "firebean",
      "name": "Frijol de fuego",
      "categoryId": "vegetable",
      "categoryName": "Verdura",
      "subDirectory": "vegetables",
      "texture": "firebean.png"
    },
    {
      "id": "frillicelettuce",
      "name": "Letra de Frillice",
      "categoryId": "vegetable",
      "categoryName": "Verdura",
      "subDirectory": "vegetables",
      "texture": "frillicelettuce.png"
    },
    {
      "id": "friseelettuce",
      "name": "Lettuca para friseo",
      "categoryId": "vegetable",
      "categoryName": "Verdura",
      "subDirectory": "vegetables",
      "texture": "friseelettuce.png"
    },
    {
      "id": "friseline",
      "name": "Friseline",
      "categoryId": "vegetable",
      "categoryName": "Verdura",
      "subDirectory": "vegetables",
      "texture": "friseline.png"
    },
    {
      "id": "gardenorache",
      "name": "Jardín orache",
      "categoryId": "vegetable",
      "categoryName": "Verdura",
      "subDirectory": "vegetables",
      "texture": "gardenorache.png"
    },
    {
      "id": "gardenpatience",
      "name": "Paciencia del jardín",
      "categoryId": "vegetable",
      "categoryName": "Verdura",
      "subDirectory": "vegetables",
      "texture": "gardenpatience.png"
    },
    {
      "id": "garlic",
      "name": "Ajo",
      "categoryId": "vegetable",
      "categoryName": "Verdura",
      "subDirectory": "vegetables",
      "texture": "garlic.png"
    },
    {
      "id": "gherkin",
      "name": "Pepinillo",
      "categoryId": "vegetable",
      "categoryName": "Verdura",
      "subDirectory": "vegetables",
      "texture": "gherkin.png"
    },
    {
      "id": "grape",
      "name": "Uva",
      "categoryId": "vegetable",
      "categoryName": "Verdura",
      "subDirectory": "vegetables",
      "texture": "grape.png"
    },
    {
      "id": "greenamaranth",
      "name": "Amaranto verde",
      "categoryId": "vegetable",
      "categoryName": "Verdura",
      "subDirectory": "vegetables",
      "texture": "greenamaranth.png"
    },
    {
      "id": "greenbean",
      "name": "Judía verde",
      "categoryId": "vegetable",
      "categoryName": "Verdura",
      "subDirectory": "vegetables",
      "texture": "greenbean.png"
    },
    {
      "id": "greenbellpepper",
      "name": "Pimiento verde",
      "categoryId": "vegetable",
      "categoryName": "Verdura",
      "subDirectory": "vegetables",
      "texture": "greenbellpepper.png"
    },
    {
      "id": "haricotbean",
      "name": "Alubia",
      "categoryId": "vegetable",
      "categoryName": "Verdura",
      "subDirectory": "vegetables",
      "texture": "haricotbean.png"
    },
    {
      "id": "heartoflettuce",
      "name": "Corazón de lechuga",
      "categoryId": "vegetable",
      "categoryName": "Verdura",
      "subDirectory": "vegetables",
      "texture": "heartoflettuce.png"
    },
    {
      "id": "horseradish",
      "name": "Rábano picante",
      "categoryId": "vegetable",
      "categoryName": "Verdura",
      "subDirectory": "vegetables",
      "texture": "horseradish.png"
    },
    {
      "id": "iceberglettuce",
      "name": "Lechuga iceberg",
      "categoryId": "vegetable",
      "categoryName": "Verdura",
      "subDirectory": "vegetables",
      "texture": "iceberglettuce.png"
    },
    {
      "id": "jerusalemartichoke",
      "name": "Topinambur",
      "categoryId": "vegetable",
      "categoryName": "Verdura",
      "subDirectory": "vegetables",
      "texture": "jerusalemartichoke.png"
    },
    {
      "id": "kale",
      "name": "Col rizada",
      "categoryId": "vegetable",
      "categoryName": "Verdura",
      "subDirectory": "vegetables",
      "texture": "kale.png"
    },
    {
      "id": "kalette",
      "name": "Becerro",
      "categoryId": "vegetable",
      "categoryName": "Verdura",
      "subDirectory": "vegetables",
      "texture": "kalette.png"
    },
    {
      "id": "kidneybean",
      "name": "Habichuela",
      "categoryId": "vegetable",
      "categoryName": "Verdura",
      "subDirectory": "vegetables",
      "texture": "kidneybean.png"
    },
    {
      "id": "kohlrabi",
      "name": "Colinabo",
      "categoryId": "vegetable",
      "categoryName": "Verdura",
      "subDirectory": "vegetables",
      "texture": "kohlrabi.png"
    },
    {
      "id": "lambslettuce",
      "name": "Lechuga de cordero",
      "categoryId": "vegetable",
      "categoryName": "Verdura",
      "subDirectory": "vegetables",
      "texture": "lambslettuce.png"
    },
    {
      "id": "leek",
      "name": "Puerro",
      "categoryId": "vegetable",
      "categoryName": "Verdura",
      "subDirectory": "vegetables",
      "texture": "leek.png"
    },
    {
      "id": "lettuce",
      "name": "Lechuga",
      "categoryId": "vegetable",
      "categoryName": "Verdura",
      "subDirectory": "vegetables",
      "texture": "lettuce.png"
    },
    {
      "id": "lollobiondalettuce",
      "name": "Forro rubio suelto",
      "categoryId": "vegetable",
      "categoryName": "Verdura",
      "subDirectory": "vegetables",
      "texture": "lollobiondalettuce.png"
    },
    {
      "id": "lollorossolettuce",
      "name": "Lollo Red Read",
      "categoryId": "vegetable",
      "categoryName": "Verdura",
      "subDirectory": "vegetables",
      "texture": "lollorossolettuce.png"
    },
    {
      "id": "lovage",
      "name": "Amor",
      "categoryId": "vegetable",
      "categoryName": "Verdura",
      "subDirectory": "vegetables",
      "texture": "lovage.png"
    },
    {
      "id": "mangetout",
      "name": "Sarga",
      "categoryId": "vegetable",
      "categoryName": "Verdura",
      "subDirectory": "vegetables",
      "texture": "mangetout.png"
    },
    {
      "id": "mangold",
      "name": "Remolacha forrajera",
      "categoryId": "vegetable",
      "categoryName": "Verdura",
      "subDirectory": "vegetables",
      "texture": "mangold.png"
    },
    {
      "id": "marrow",
      "name": "Médula",
      "categoryId": "vegetable",
      "categoryName": "Verdura",
      "subDirectory": "vegetables",
      "texture": "marrow.png"
    },
    {
      "id": "melon",
      "name": "Melón",
      "categoryId": "vegetable",
      "categoryName": "Verdura",
      "subDirectory": "vegetables",
      "texture": "melon.png"
    },
    {
      "id": "morel",
      "name": "Muesca",
      "categoryId": "vegetable",
      "categoryName": "Verdura",
      "subDirectory": "vegetables",
      "texture": "morel.png"
    },
    {
      "id": "mushroom",
      "name": "Champiñón",
      "categoryId": "vegetable",
      "categoryName": "Verdura",
      "subDirectory": "vegetables",
      "texture": "mushroom.png"
    },
    {
      "id": "newpotato",
      "name": "Papa nueva",
      "categoryId": "vegetable",
      "categoryName": "Verdura",
      "subDirectory": "vegetables",
      "texture": "newpotato.png"
    },
    {
      "id": "oakleaflettuce",
      "name": "Lechuga de hoja de roble",
      "categoryId": "vegetable",
      "categoryName": "Verdura",
      "subDirectory": "vegetables",
      "texture": "oakleaflettuce.png"
    },
    {
      "id": "okra",
      "name": "Okra",
      "categoryId": "vegetable",
      "categoryName": "Verdura",
      "subDirectory": "vegetables",
      "texture": "okra.png"
    },
    {
      "id": "olive",
      "name": "Aceituna",
      "categoryId": "vegetable",
      "categoryName": "Verdura",
      "subDirectory": "vegetables",
      "texture": "olive.png"
    },
    {
      "id": "onion",
      "name": "Cebolla",
      "categoryId": "vegetable",
      "categoryName": "Verdura",
      "subDirectory": "vegetables",
      "texture": "onion.png"
    },
    {
      "id": "oxheartcabbage",
      "name": "Repollo oxheart",
      "categoryId": "vegetable",
      "categoryName": "Verdura",
      "subDirectory": "vegetables",
      "texture": "oxheartcabbage.png"
    },
    {
      "id": "oystermushroom",
      "name": "Champiñón de ostras",
      "categoryId": "vegetable",
      "categoryName": "Verdura",
      "subDirectory": "vegetables",
      "texture": "oystermushroom.png"
    },
    {
      "id": "pakchoi",
      "name": "Pak choi",
      "categoryId": "vegetable",
      "categoryName": "Verdura",
      "subDirectory": "vegetables",
      "texture": "pakchoi.png"
    },
    {
      "id": "parsleyroot",
      "name": "Raíz de perejil",
      "categoryId": "vegetable",
      "categoryName": "Verdura",
      "subDirectory": "vegetables",
      "texture": "parsleyroot.png"
    },
    {
      "id": "parsnip",
      "name": "Chirivía",
      "categoryId": "vegetable",
      "categoryName": "Verdura",
      "subDirectory": "vegetables",
      "texture": "parsnip.png"
    },
    {
      "id": "pea",
      "name": "Guisante",
      "categoryId": "vegetable",
      "categoryName": "Verdura",
      "subDirectory": "vegetables",
      "texture": "pea.png"
    },
    {
      "id": "pickle",
      "name": "Conservar en vinagre",
      "categoryId": "vegetable",
      "categoryName": "Verdura",
      "subDirectory": "vegetables",
      "texture": "pickle.png"
    },
    {
      "id": "portobellomushroom",
      "name": "Hongo portobello",
      "categoryId": "vegetable",
      "categoryName": "Verdura",
      "subDirectory": "vegetables",
      "texture": "portobellomushroom.png"
    },
    {
      "id": "potato",
      "name": "Papa",
      "categoryId": "vegetable",
      "categoryName": "Verdura",
      "subDirectory": "vegetables",
      "texture": "potato.png"
    },
    {
      "id": "pumpkin",
      "name": "Calabaza",
      "categoryId": "vegetable",
      "categoryName": "Verdura",
      "subDirectory": "vegetables",
      "texture": "pumpkin.png"
    },
    {
      "id": "purplesproutingbroccoli",
      "name": "Brócoli de brote púrpura",
      "categoryId": "vegetable",
      "categoryName": "Verdura",
      "subDirectory": "vegetables",
      "texture": "purplesproutingbroccoli.png"
    },
    {
      "id": "purslane",
      "name": "Verdolaga",
      "categoryId": "vegetable",
      "categoryName": "Verdura",
      "subDirectory": "vegetables",
      "texture": "purslane.png"
    },
    {
      "id": "radicchio",
      "name": "Radicchio",
      "categoryId": "vegetable",
      "categoryName": "Verdura",
      "subDirectory": "vegetables",
      "texture": "radicchio.png"
    },
    {
      "id": "radish",
      "name": "Rábano",
      "categoryId": "vegetable",
      "categoryName": "Verdura",
      "subDirectory": "vegetables",
      "texture": "radish.png"
    },
    {
      "id": "ramson",
      "name": "Ramson",
      "categoryId": "vegetable",
      "categoryName": "Verdura",
      "subDirectory": "vegetables",
      "texture": "ramson.png"
    },
    {
      "id": "redchicory",
      "name": "Achicoria roja",
      "categoryId": "vegetable",
      "categoryName": "Verdura",
      "subDirectory": "vegetables",
      "texture": "redchicory.png"
    },
    {
      "id": "redlettuce",
      "name": "Lechuga roja",
      "categoryId": "vegetable",
      "categoryName": "Verdura",
      "subDirectory": "vegetables",
      "texture": "redlettuce.png"
    },
    {
      "id": "redoakleaflettuce",
      "name": "Lechuga de hoja roja",
      "categoryId": "vegetable",
      "categoryName": "Verdura",
      "subDirectory": "vegetables",
      "texture": "redoakleaflettuce.png"
    },
    {
      "id": "redonion",
      "name": "Cebolla roja",
      "categoryId": "vegetable",
      "categoryName": "Verdura",
      "subDirectory": "vegetables",
      "texture": "redonion.png"
    },
    {
      "id": "redonion-stored",
      "name": "Cebolla roja (almacenada)",
      "categoryId": "vegetable",
      "categoryName": "Verdura",
      "subDirectory": "vegetables",
      "texture": "redonion-stored.png"
    },
    {
      "id": "redradish",
      "name": "Rábano rojo",
      "categoryId": "vegetable",
      "categoryName": "Verdura",
      "subDirectory": "vegetables",
      "texture": "redradish.png"
    },
    {
      "id": "rhubarb",
      "name": "Ruibarbo",
      "categoryId": "vegetable",
      "categoryName": "Verdura",
      "subDirectory": "vegetables",
      "texture": "rhubarb.png"
    },
    {
      "id": "romainelettuce",
      "name": "Lechuga romana",
      "categoryId": "vegetable",
      "categoryName": "Verdura",
      "subDirectory": "vegetables",
      "texture": "romainelettuce.png"
    },
    {
      "id": "romanesco",
      "name": "románico",
      "categoryId": "vegetable",
      "categoryName": "Verdura",
      "subDirectory": "vegetables",
      "texture": "romanesco.png"
    },
    {
      "id": "rucola",
      "name": "Cohete",
      "categoryId": "vegetable",
      "categoryName": "Verdura",
      "subDirectory": "vegetables",
      "texture": "rucola.png"
    },
    {
      "id": "runnerbean",
      "name": "Frijol",
      "categoryId": "vegetable",
      "categoryName": "Verdura",
      "subDirectory": "vegetables",
      "texture": "runnerbean.png"
    },
    {
      "id": "rutabaga",
      "name": "Nabo sueco",
      "categoryId": "vegetable",
      "categoryName": "Verdura",
      "subDirectory": "vegetables",
      "texture": "rutabaga.png"
    },
    {
      "id": "salsify",
      "name": "Salsifí",
      "categoryId": "vegetable",
      "categoryName": "Verdura",
      "subDirectory": "vegetables",
      "texture": "salsify.png"
    },
    {
      "id": "samphire",
      "name": "Hinojo marino",
      "categoryId": "vegetable",
      "categoryName": "Verdura",
      "subDirectory": "vegetables",
      "texture": "samphire.png"
    },
    {
      "id": "savoycabbage",
      "name": "Repollo de Saboya",
      "categoryId": "vegetable",
      "categoryName": "Verdura",
      "subDirectory": "vegetables",
      "texture": "savoycabbage.png"
    },
    {
      "id": "scallion",
      "name": "Cebollino",
      "categoryId": "vegetable",
      "categoryName": "Verdura",
      "subDirectory": "vegetables",
      "texture": "scallion.png"
    },
    {
      "id": "shallot",
      "name": "Chalote",
      "categoryId": "vegetable",
      "categoryName": "Verdura",
      "subDirectory": "vegetables",
      "texture": "shallot.png"
    },
    {
      "id": "shiitakemushroom",
      "name": "Hongo shiitake",
      "categoryId": "vegetable",
      "categoryName": "Verdura",
      "subDirectory": "vegetables",
      "texture": "shiitakemushroom.png"
    },
    {
      "id": "snappea",
      "name": "Guisante",
      "categoryId": "vegetable",
      "categoryName": "Verdura",
      "subDirectory": "vegetables",
      "texture": "snappea.png"
    },
    {
      "id": "snowpea",
      "name": "Guisante de nieve",
      "categoryId": "vegetable",
      "categoryName": "Verdura",
      "subDirectory": "vegetables",
      "texture": "snowpea.png"
    },
    {
      "id": "sorrel",
      "name": "Alazán",
      "categoryId": "vegetable",
      "categoryName": "Verdura",
      "subDirectory": "vegetables",
      "texture": "sorrel.png"
    },
    {
      "id": "soybean",
      "name": "Haba de soja",
      "categoryId": "vegetable",
      "categoryName": "Verdura",
      "subDirectory": "vegetables",
      "texture": "soybean.png"
    },
    {
      "id": "spinach",
      "name": "Espinaca",
      "categoryId": "vegetable",
      "categoryName": "Verdura",
      "subDirectory": "vegetables",
      "texture": "spinach.png"
    },
    {
      "id": "springonion",
      "name": "Cebolla de primavera",
      "categoryId": "vegetable",
      "categoryName": "Verdura",
      "subDirectory": "vegetables",
      "texture": "springonion.png"
    },
    {
      "id": "squash",
      "name": "Calabaza",
      "categoryId": "vegetable",
      "categoryName": "Verdura",
      "subDirectory": "vegetables",
      "texture": "squash.png"
    },
    {
      "id": "summercabbage",
      "name": "Repollo de verano",
      "categoryId": "vegetable",
      "categoryName": "Verdura",
      "subDirectory": "vegetables",
      "texture": "summercabbage.png"
    },
    {
      "id": "swede",
      "name": "sueco",
      "categoryId": "vegetable",
      "categoryName": "Verdura",
      "subDirectory": "vegetables",
      "texture": "swede.png"
    },
    {
      "id": "sweetcorn",
      "name": "Maíz dulce",
      "categoryId": "vegetable",
      "categoryName": "Verdura",
      "subDirectory": "vegetables",
      "texture": "sweetcorn.png"
    },
    {
      "id": "sweetpotato",
      "name": "Batata",
      "categoryId": "vegetable",
      "categoryName": "Verdura",
      "subDirectory": "vegetables",
      "texture": "sweetpotato.png"
    },
    {
      "id": "swisschard",
      "name": "Acelga suiza",
      "categoryId": "vegetable",
      "categoryName": "Verdura",
      "subDirectory": "vegetables",
      "texture": "swisschard.png"
    },
    {
      "id": "taro",
      "name": "Taro",
      "categoryId": "vegetable",
      "categoryName": "Verdura",
      "subDirectory": "vegetables",
      "texture": "taro.png"
    },
    {
      "id": "tomato",
      "name": "Tomate",
      "categoryId": "vegetable",
      "categoryName": "Verdura",
      "subDirectory": "vegetables",
      "texture": "tomato.png"
    },
    {
      "id": "tomato-stored",
      "name": "Tomate (almacenado)",
      "categoryId": "vegetable",
      "categoryName": "Verdura",
      "subDirectory": "vegetables",
      "texture": "tomato-stored.png"
    },
    {
      "id": "truffleblack",
      "name": "Trufa negra",
      "categoryId": "vegetable",
      "categoryName": "Verdura",
      "subDirectory": "vegetables",
      "texture": "truffleblack.png"
    },
    {
      "id": "trufflewhite",
      "name": "Trufa blanca",
      "categoryId": "vegetable",
      "categoryName": "Verdura",
      "subDirectory": "vegetables",
      "texture": "trufflewhite.png"
    },
    {
      "id": "turnip",
      "name": "Nabo",
      "categoryId": "vegetable",
      "categoryName": "Verdura",
      "subDirectory": "vegetables",
      "texture": "turnip.png"
    },
    {
      "id": "watercress",
      "name": "Berro",
      "categoryId": "vegetable",
      "categoryName": "Verdura",
      "subDirectory": "vegetables",
      "texture": "watercress.png"
    },
    {
      "id": "watermelon",
      "name": "Sandía",
      "categoryId": "vegetable",
      "categoryName": "Verdura",
      "subDirectory": "vegetables",
      "texture": "watermelon.png"
    },
    {
      "id": "whiteasparagus",
      "name": "Espárragos blancos",
      "categoryId": "vegetable",
      "categoryName": "Verdura",
      "subDirectory": "vegetables",
      "texture": "whiteasparagus.png"
    },
    {
      "id": "whitebean",
      "name": "Frijol blanco",
      "categoryId": "vegetable",
      "categoryName": "Verdura",
      "subDirectory": "vegetables",
      "texture": "whitebean.png"
    },
    {
      "id": "whitecabbage",
      "name": "Repollo blanco",
      "categoryId": "vegetable",
      "categoryName": "Verdura",
      "subDirectory": "vegetables",
      "texture": "whitecabbage.png"
    },
    {
      "id": "whiteradish",
      "name": "Rábano blanco",
      "categoryId": "vegetable",
      "categoryName": "Verdura",
      "subDirectory": "vegetables",
      "texture": "whiteradish.png"
    },
    {
      "id": "wildgarlic",
      "name": "Ajo salvaje",
      "categoryId": "vegetable",
      "categoryName": "Verdura",
      "subDirectory": "vegetables",
      "texture": "wildgarlic.png"
    },
    {
      "id": "wildgreens",
      "name": "Verdes salvajes",
      "categoryId": "vegetable",
      "categoryName": "Verdura",
      "subDirectory": "vegetables",
      "texture": "wildgreens.png"
    },
    {
      "id": "wintermelon",
      "name": "Melón de invierno",
      "categoryId": "vegetable",
      "categoryName": "Verdura",
      "subDirectory": "vegetables",
      "texture": "wintermelon.png"
    }
  ]
}