{
  "items": [
    { "id": "apple", "name": "Apple", "categoryId": "fruit", "categoryName": "Fruit", "subDirectory": "fruits", "texture": "apple.png" },
    { "id": "apricot", "name": "Apricot", "categoryId": "fruit", "categoryName": "Fruit", "subDirectory": "fruits", "texture": "apricot.png" },
    { "id": "avocado", "name": "Avocado", "categoryId": "fruit", "categoryName": "Fruit", "subDirectory": "fruits", "texture": "avocado.png" },
    { "id": "banana", "name": "Banana", "categoryId": "fruit", "categoryName": "Fruit", "subDirectory": "fruits", "texture": "banana.png" },
    { "id": "bilberry", "name": "Bilberry", "categoryId": "fruit", "categoryName": "Fruit", "subDirectory": "fruits", "texture": "bilberry.png" },
    { "id": "blackberry", "name": "Blackberry", "categoryId": "fruit", "categoryName": "Fruit", "subDirectory": "fruits", "texture": "blackberry.png" },
    { "id": "blackcurrant", "name": "Blackcurrant", "categoryId": "fruit", "categoryName": "Fruit", "subDirectory": "fruits", "texture": "blackcurrant.png" },
    { "id": "blackrowan", "name": "Blackrowan", "categoryId": "fruit", "categoryName": "Fruit", "subDirectory": "fruits", "texture": "blackrowan.png" },
    { "id": "blackthorn", "name": "Blackthorn", "categoryId": "fruit", "categoryName": "Fruit", "subDirectory": "fruits", "texture": "blackthorn.png" },
    { "id": "bloodorange", "name": "Bloodorange", "categoryId": "fruit", "categoryName": "Fruit", "subDirectory": "fruits", "texture": "bloodorange.png" },
    { "id": "blueberry", "name": "Blueberry", "categoryId": "fruit", "categoryName": "Fruit", "subDirectory": "fruits", "texture": "blueberry.png" },
    { "id": "bluehoneysuckleberry", "name": "Bluehoneysuckleberry", "categoryId": "fruit", "categoryName": "Fruit", "subDirectory": "fruits", "texture": "bluehoneysuckleberry.png" },
    { "id": "bramleyapple", "name": "Bramleyapple", "categoryId": "fruit", "categoryName": "Fruit", "subDirectory": "fruits", "texture": "bramleyapple.png" },
    { "id": "carob", "name": "Carob", "categoryId": "fruit", "categoryName": "Fruit", "subDirectory": "fruits", "texture": "carob.png" },
    { "id": "cherry", "name": "Cherry", "categoryId": "fruit", "categoryName": "Fruit", "subDirectory": "fruits", "texture": "cherry.png" },
    { "id": "cherryplum", "name": "Cherryplum", "categoryId": "fruit", "categoryName": "Fruit", "subDirectory": "fruits", "texture": "cherryplum.png" },
    { "id": "chokeberry", "name": "Chokeberry", "categoryId": "fruit", "categoryName": "Fruit", "subDirectory": "fruits", "texture": "chokeberry.png" },
    { "id": "citrus", "name": "Citrus", "categoryId": "fruit", "categoryName": "Fruit", "subDirectory": "fruits", "texture": "citrus.png" },
    { "id": "clementine", "name": "Clementine", "categoryId": "fruit", "categoryName": "Fruit", "subDirectory": "fruits", "texture": "clementine.png" },
    { "id": "cloudberry", "name": "Cloudberry", "categoryId": "fruit", "categoryName": "Fruit", "subDirectory": "fruits", "texture": "cloudberry.png" },
    { "id": "cranberry", "name": "Cranberry", "categoryId": "fruit", "categoryName": "Fruit", "subDirectory": "fruits", "texture": "cranberry.png" },
    { "id": "crabapple", "name": "Crabapple", "categoryId": "fruit", "categoryName": "Fruit", "subDirectory": "fruits", "texture": "crabapple.png" },
    { "id": "custardapple", "name": "Custardapple", "categoryId": "fruit", "categoryName": "Fruit", "subDirectory": "fruits", "texture": "custardapple.png" },
    { "id": "donutpeach", "name": "Donutpeach", "categoryId": "fruit", "categoryName": "Fruit", "subDirectory": "fruits", "texture": "donutpeach.png" },
    { "id": "elderberry", "name": "Elderberry", "categoryId": "fruit", "categoryName": "Fruit", "subDirectory": "fruits", "texture": "elderberry.png" },
    { "id": "fig", "name": "Fig", "categoryId": "fruit", "categoryName": "Fruit", "subDirectory": "fruits", "texture": "fig.png" },
    { "id": "gooseberry", "name": "Gooseberry", "categoryId": "fruit", "categoryName": "Fruit", "subDirectory": "fruits", "texture": "gooseberry.png" },
    { "id": "grape", "name": "Grape", "categoryId": "fruit", "categoryName": "Fruit", "subDirectory": "fruits", "texture": "grape.png" },
    { "id": "grapefruit", "name": "Grapefruit", "categoryId": "fruit", "categoryName": "Fruit", "subDirectory": "fruits", "texture": "grapefruit.png" },
    { "id": "greengage", "name": "Greengage", "categoryId": "fruit", "categoryName": "Fruit", "subDirectory": "fruits", "texture": "greengage.png" },
    { "id": "guava", "name": "Guava", "categoryId": "fruit", "categoryName": "Fruit", "subDirectory": "fruits", "texture": "guava.png" },
    { "id": "jujube", "name": "Jujube", "categoryId": "fruit", "categoryName": "Fruit", "subDirectory": "fruits", "texture": "jujube.png" },
    { "id": "kiwi", "name": "Kiwi", "categoryId": "fruit", "categoryName": "Fruit", "subDirectory": "fruits", "texture": "kiwi.png" },
    { "id": "lemon", "name": "Lemon", "categoryId": "fruit", "categoryName": "Fruit", "subDirectory": "fruits", "texture": "lemon.png" },
    { "id": "lingonberry", "name": "Lingonberry", "categoryId": "fruit", "categoryName": "Fruit", "subDirectory": "fruits", "texture": "lingonberry.png" },
    { "id": "loganberry", "name": "Loganberry", "categoryId": "fruit", "categoryName": "Fruit", "subDirectory": "fruits", "texture": "loganberry.png" },
    { "id": "loquat", "name": "Loquat", "categoryId": "fruit", "categoryName": "Fruit", "subDirectory": "fruits", "texture": "loquat.png" },
    { "id": "mandarin", "name": "Mandarin", "categoryId": "fruit", "categoryName": "Fruit", "subDirectory": "fruits", "texture": "mandarin.png" },
    { "id": "mango", "name": "Mango", "categoryId": "fruit", "categoryName": "Fruit", "subDirectory": "fruits", "texture": "mango.png" },
    { "id": "mantorestangerine", "name": "Mantorestangerine", "categoryId": "fruit", "categoryName": "Fruit", "subDirectory": "fruits", "texture": "mantorestangerine.png" },
    { "id": "medlar", "name": "Medlar", "categoryId": "fruit", "categoryName": "Fruit", "subDirectory": "fruits", "texture": "medlar.png" },
    { "id": "melon", "name": "Melon", "categoryId": "fruit", "categoryName": "Fruit", "subDirectory": "fruits", "texture": "melon.png" },
    { "id": "mirabelleplum", "name": "Mirabelleplum", "categoryId": "fruit", "categoryName": "Fruit", "subDirectory": "fruits", "texture": "mirabelleplum.png" },
    { "id": "mulberry", "name": "Mulberry", "categoryId": "fruit", "categoryName": "Fruit", "subDirectory": "fruits", "texture": "mulberry.png" },
    { "id": "muskmelon", "name": "Muskmelon", "categoryId": "fruit", "categoryName": "Fruit", "subDirectory": "fruits", "texture": "muskmelon.png" },
    { "id": "nectarine", "name": "Nectarine", "categoryId": "fruit", "categoryName": "Fruit", "subDirectory": "fruits", "texture": "nectarine.png" },
    { "id": "orange", "name": "Orange", "categoryId": "fruit", "categoryName": "Fruit", "subDirectory": "fruits", "texture": "orange.png" },
    { "id": "papaya", "name": "Papaya", "categoryId": "fruit", "categoryName": "Fruit", "subDirectory": "fruits", "texture": "papaya.png" },
    { "id": "peach", "name": "Peach", "categoryId": "fruit", "categoryName": "Fruit", "subDirectory": "fruits", "texture": "peach.png" },
    { "id": "pear", "name": "Pear", "categoryId": "fruit", "categoryName": "Fruit", "subDirectory": "fruits", "texture": "pear.png" },
    { "id": "persimmon", "name": "Persimmon", "categoryId": "fruit", "categoryName": "Fruit", "subDirectory": "fruits", "texture": "persimmon.png" },
    { "id": "pineapple", "name": "Pineapple", "categoryId": "fruit", "categoryName": "Fruit", "subDirectory": "fruits", "texture": "pineapple.png" },
    { "id": "plum", "name": "Plum", "categoryId": "fruit", "categoryName": "Fruit", "subDirectory": "fruits", "texture": "plum.png" },
    { "id": "pomegranate", "name": "Pomegranate", "categoryId": "fruit", "categoryName": "Fruit", "subDirectory": "fruits", "texture": "pomegranate.png" },
    { "id": "pomelo", "name": "Pomelo", "categoryId": "fruit", "categoryName": "Fruit", "subDirectory": "fruits", "texture": "pomelo.png" },
    { "id": "pricklypear", "name": "Pricklypear", "categoryId": "fruit", "categoryName": "Fruit", "subDirectory": "fruits", "texture": "pricklypear.png" },
    { "id": "prune", "name": "Prune", "categoryId": "fruit", "categoryName": "Fruit", "subDirectory": "fruits", "texture": "prune.png" },
    { "id": "quince", "name": "Quince", "categoryId": "fruit", "categoryName": "Fruit", "subDirectory": "fruits", "texture": "quince.png" },
    { "id": "raspberry", "name": "Raspberry", "categoryId": "fruit", "categoryName": "Fruit", "subDirectory": "fruits", "texture": "raspberry.png" },
    { "id": "redberry", "name": "Redberry", "categoryId": "fruit", "categoryName": "Fruit", "subDirectory": "fruits", "texture": "redberry.png" },
    { "id": "redcurrant", "name": "Redcurrant", "categoryId": "fruit", "categoryName": "Fruit", "subDirectory": "fruits", "texture": "redcurrant.png" },
    { "id": "seabuckthorn", "name": "Seabuckthorn", "categoryId": "fruit", "categoryName": "Fruit", "subDirectory": "fruits", "texture": "seabuckthorn.png" },
    { "id": "strawberry", "name": "Strawberry", "categoryId": "fruit", "categoryName": "Fruit", "subDirectory": "fruits", "texture": "strawberry.png" },
    { "id": "summerapple", "name": "Summerapple", "categoryId": "fruit", "categoryName": "Fruit", "subDirectory": "fruits", "texture": "summerapple.png" },
    { "id": "summerorange", "name": "Summerorange", "categoryId": "fruit", "categoryName": "Fruit", "subDirectory": "fruits", "texture": "summerorange.png" },
    { "id": "tangerine", "name": "Tangerine", "categoryId": "fruit", "categoryName": "Fruit", "subDirectory": "fruits", "texture": "tangerine.png" },
    { "id": "tayberry", "name": "Tayberry", "categoryId": "fruit", "categoryName": "Fruit", "subDirectory": "fruits", "texture": "tayberry.png" },
    { "id": "watermelon", "name": "Watermelon", "categoryId": "fruit", "categoryName": "Fruit", "subDirectory": "fruits", "texture": "watermelon.png" },
    { "id": "whitecurrant", "name": "Whitecurrant", "categoryId": "fruit", "categoryName": "Fruit", "subDirectory": "fruits", "texture": "whitecurrant.png" },
    { "id": "whitemulberry", "name": "Whitemulberry", "categoryId": "fruit", "categoryName": "Fruit", "subDirectory": "fruits", "texture": "whitemulberry.png" },
    { "id": "winterapple", "name": "Winterapple", "categoryId": "fruit", "categoryName": "Fruit", "subDirectory": "fruits", "texture": "winterapple.png" },
    { "id": "artichoke", "name": "Artichoke", "categoryId": "vegetable", "categoryName": "Vegetable", "subDirectory": "vegetables", "texture": "artichoke.png" },
    { "id": "arugula", "name": "Arugula", "categoryId": "vegetable", "categoryName": "Vegetable", "subDirectory": "vegetables", "texture": "arugula.png" },
    { "id": "asparagus", "name": "Asparagus", "categoryId": "vegetable", "categoryName": "Vegetable", "subDirectory": "vegetables", "texture": "asparagus.png" },
    { "id": "aubergine", "name": "Aubergine", "categoryId": "vegetable", "categoryName": "Vegetable", "subDirectory": "vegetables", "texture": "aubergine.png" },
    { "id": "batavialettuce", "name": "Batavia Lettuce", "categoryId": "vegetable", "categoryName": "Vegetable", "subDirectory": "vegetables", "texture": "batavialettuce.png" },
    { "id": "bayboletemushroom", "name": "Bay Bolete Mushroom", "categoryId": "vegetable", "categoryName": "Vegetable", "subDirectory": "vegetables", "texture": "bayboletemushroom.png" },
    { "id": "bean", "name": "Bean", "categoryId": "vegetable", "categoryName": "Vegetable", "subDirectory": "vegetables", "texture": "bean.png" },
    { "id": "beechhatmushroom", "name": "Beech Hat Mushroom", "categoryId": "vegetable", "categoryName": "Vegetable", "subDirectory": "vegetables", "texture": "beechhatmushroom.png" },
    { "id": "beetlebean", "name": "Beetle Bean", "categoryId": "vegetable", "categoryName": "Vegetable", "subDirectory": "vegetables", "texture": "beetlebean.png" },
    { "id": "beetroot", "name": "Beetroot", "categoryId": "vegetable", "categoryName": "Vegetable", "subDirectory": "vegetables", "texture": "beetroot.png" },
    { "id": "bellpepper", "name": "Bell Pepper", "categoryId": "vegetable", "categoryName": "Vegetable", "subDirectory": "vegetables", "texture": "bellpepper.png" },
    { "id": "blackbean", "name": "Black Bean", "categoryId": "vegetable", "categoryName": "Vegetable", "subDirectory": "vegetables", "texture": "blackbean.png" },
    { "id": "blackeyedpea", "name": "Black Eyed Pea", "categoryId": "vegetable", "categoryName": "Vegetable", "subDirectory": "vegetables", "texture": "blackeyedpea.png" },
    { "id": "blackradish", "name": "Black Radish", "categoryId": "vegetable", "categoryName": "Vegetable", "subDirectory": "vegetables", "texture": "blackradish.png" },
    { "id": "boletusmushroom", "name": "Boletus Mushroom", "categoryId": "vegetable", "categoryName": "Vegetable", "subDirectory": "vegetables", "texture": "boletusmushroom.png" },
    { "id": "broadbean", "name": "Broad Bean", "categoryId": "vegetable", "categoryName": "Vegetable", "subDirectory": "vegetables", "texture": "broadbean.png" },
    { "id": "broccolini", "name": "Broccolini", "categoryId": "vegetable", "categoryName": "Vegetable", "subDirectory": "vegetables", "texture": "broccolini.png" },
    { "id": "broccoli", "name": "Broccoli", "categoryId": "vegetable", "categoryName": "Vegetable", "subDirectory": "vegetables", "texture": "broccoli.png" },
    { "id": "brownbean", "name": "Brown Bean", "categoryId": "vegetable", "categoryName": "Vegetable", "subDirectory": "vegetables", "texture": "brownbean.png" },
    { "id": "brusselssprout", "name": "Brussels Sprout", "categoryId": "vegetable", "categoryName": "Vegetable", "subDirectory": "vegetables", "texture": "brusselssprout.png" },
    { "id": "butternutsquash", "name": "Butternut Squash", "categoryId": "vegetable", "categoryName": "Vegetable", "subDirectory": "vegetables", "texture": "butternutsquash.png" },
    { "id": "cabbage", "name": "Cabbage", "categoryId": "vegetable", "categoryName": "Vegetable", "subDirectory": "vegetables", "texture": "cabbage.png" },
    { "id": "cardoon", "name": "Cardoon", "categoryId": "vegetable", "categoryName": "Vegetable", "subDirectory": "vegetables", "texture": "cardoon.png" },
    { "id": "carrot", "name": "Carrot", "categoryId": "vegetable", "categoryName": "Vegetable", "subDirectory": "vegetables", "texture": "carrot.png" },
    { "id": "catalognapuntarelle", "name": "Catalogna Puntarelle", "categoryId": "vegetable", "categoryName": "Vegetable", "subDirectory": "vegetables", "texture": "catalognapuntarelle.png" },
    { "id": "cauliflower", "name": "Cauliflower", "categoryId": "vegetable", "categoryName": "Vegetable", "subDirectory": "vegetables", "texture": "cauliflower.png" },
    { "id": "cavolonero", "name": "Cavolo Nero", "categoryId": "vegetable", "categoryName": "Vegetable", "subDirectory": "vegetables", "texture": "cavolonero.png" },
    { "id": "celeriac", "name": "Celeriac", "categoryId": "vegetable", "categoryName": "Vegetable", "subDirectory": "vegetables", "texture": "celeriac.png" },
    { "id": "celery", "name": "Celery", "categoryId": "vegetable", "categoryName": "Vegetable", "subDirectory": "vegetables", "texture": "celery.png" },
    { "id": "chanterellemushroom", "name": "Chanterelle Mushroom", "categoryId": "vegetable", "categoryName": "Vegetable", "subDirectory": "vegetables", "texture": "chanterellemushroom.png" },
    { "id": "chard", "name": "Chard", "categoryId": "vegetable", "categoryName": "Vegetable", "subDirectory": "vegetables", "texture": "chard.png" },
    { "id": "chayote", "name": "Chayote", "categoryId": "vegetable", "categoryName": "Vegetable", "subDirectory": "vegetables", "texture": "chayote.png" },
    { "id": "chicory", "name": "Chicory", "categoryId": "vegetable", "categoryName": "Vegetable", "subDirectory": "vegetables", "texture": "chicory.png" },
    { "id": "chili", "name": "Chili", "categoryId": "vegetable", "categoryName": "Vegetable", "subDirectory": "vegetables", "texture": "chili.png" },
    { "id": "chinesecabbage", "name": "Chinese Cabbage", "categoryId": "vegetable", "categoryName": "Vegetable", "subDirectory": "vegetables", "texture": "chinesecabbage.png" },
    { "id": "courgette", "name": "Courgette", "categoryId": "vegetable", "categoryName": "Vegetable", "subDirectory": "vegetables", "texture": "courgette.png" },
    { "id": "cress", "name": "Cress", "categoryId": "vegetable", "categoryName": "Vegetable", "subDirectory": "vegetables", "texture": "cress.png" },
    { "id": "cucumber", "name": "Cucumber", "categoryId": "vegetable", "categoryName": "Vegetable", "subDirectory": "vegetables", "texture": "cucumber.png" },
    { "id": "curlyendive", "name": "Curly Endive", "categoryId": "vegetable", "categoryName": "Vegetable", "subDirectory": "vegetables", "texture": "curlyendive.png" },
    { "id": "emperormushroom", "name": "Emperor Mushroom", "categoryId": "vegetable", "categoryName": "Vegetable", "subDirectory": "vegetables", "texture": "emperormushroom.png" },
    { "id": "endive", "name": "Endive", "categoryId": "vegetable", "categoryName": "Vegetable", "subDirectory": "vegetables", "texture": "endive.png" },
    { "id": "enokimushroom", "name": "Enoki Mushroom", "categoryId": "vegetable", "categoryName": "Vegetable", "subDirectory": "vegetables", "texture": "enokimushroom.png" },
    { "id": "fennel", "name": "Fennel", "categoryId": "vegetable", "categoryName": "Vegetable", "subDirectory": "vegetables", "texture": "fennel.png" },
    { "id": "firebean", "name": "Fire Bean", "categoryId": "vegetable", "categoryName": "Vegetable", "subDirectory": "vegetables", "texture": "firebean.png" },
    { "id": "frillicelettuce", "name": "Frillice Lettuce", "categoryId": "vegetable", "categoryName": "Vegetable", "subDirectory": "vegetables", "texture": "frillicelettuce.png" },
    { "id": "friseelettuce", "name": "Frisee Lettuce", "categoryId": "vegetable", "categoryName": "Vegetable", "subDirectory": "vegetables", "texture": "friseelettuce.png" },
    { "id": "friseline", "name": "Friseline", "categoryId": "vegetable", "categoryName": "Vegetable", "subDirectory": "vegetables", "texture": "friseline.png" },
    { "id": "gardenorache", "name": "Garden Orache", "categoryId": "vegetable", "categoryName": "Vegetable", "subDirectory": "vegetables", "texture": "gardenorache.png" },
    { "id": "gardenpatience", "name": "Garden Patience", "categoryId": "vegetable", "categoryName": "Vegetable", "subDirectory": "vegetables", "texture": "gardenpatience.png" },
    { "id": "garlic", "name": "Garlic", "categoryId": "vegetable", "categoryName": "Vegetable", "subDirectory": "vegetables", "texture": "garlic.png" },
    { "id": "gherkin", "name": "Gherkin", "categoryId": "vegetable", "categoryName": "Vegetable", "subDirectory": "vegetables", "texture": "gherkin.png" },
    { "id": "grape", "name": "Grape", "categoryId": "vegetable", "categoryName": "Vegetable", "subDirectory": "vegetables", "texture": "grape.png" },
    { "id": "greenamaranth", "name": "Green Amaranth", "categoryId": "vegetable", "categoryName": "Vegetable", "subDirectory": "vegetables", "texture": "greenamaranth.png" },
    { "id": "greenbean", "name": "Green Bean", "categoryId": "vegetable", "categoryName": "Vegetable", "subDirectory": "vegetables", "texture": "greenbean.png" },
    { "id": "greenbellpepper", "name": "Green Bell Pepper", "categoryId": "vegetable", "categoryName": "Vegetable", "subDirectory": "vegetables", "texture": "greenbellpepper.png" },
    { "id": "haricotbean", "name": "Haricot Bean", "categoryId": "vegetable", "categoryName": "Vegetable", "subDirectory": "vegetables", "texture": "haricotbean.png" },
    { "id": "heartoflettuce", "name": "Heart of Lettuce", "categoryId": "vegetable", "categoryName": "Vegetable", "subDirectory": "vegetables", "texture": "heartoflettuce.png" },
    { "id": "horseradish", "name": "Horseradish", "categoryId": "vegetable", "categoryName": "Vegetable", "subDirectory": "vegetables", "texture": "horseradish.png" },
    { "id": "iceberglettuce", "name": "Iceberg Lettuce", "categoryId": "vegetable", "categoryName": "Vegetable", "subDirectory": "vegetables", "texture": "iceberglettuce.png" },
    { "id": "jerusalemartichoke", "name": "Jerusalem Artichoke", "categoryId": "vegetable", "categoryName": "Vegetable", "subDirectory": "vegetables", "texture": "jerusalemartichoke.png" },
    { "id": "kale", "name": "Kale", "categoryId": "vegetable", "categoryName": "Vegetable", "subDirectory": "vegetables", "texture": "kale.png" },
    { "id": "kalette", "name": "Kalette", "categoryId": "vegetable", "categoryName": "Vegetable", "subDirectory": "vegetables", "texture": "kalette.png" },
    { "id": "kidneybean", "name": "Kidney Bean", "categoryId": "vegetable", "categoryName": "Vegetable", "subDirectory": "vegetables", "texture": "kidneybean.png" },
    { "id": "kohlrabi", "name": "Kohlrabi", "categoryId": "vegetable", "categoryName": "Vegetable", "subDirectory": "vegetables", "texture": "kohlrabi.png" },
    { "id": "lambslettuce", "name": "Lamb's Lettuce", "categoryId": "vegetable", "categoryName": "Vegetable", "subDirectory": "vegetables", "texture": "lambslettuce.png" },
    { "id": "leek", "name": "Leek", "categoryId": "vegetable", "categoryName": "Vegetable", "subDirectory": "vegetables", "texture": "leek.png" },
    { "id": "lettuce", "name": "Lettuce", "categoryId": "vegetable", "categoryName": "Vegetable", "subDirectory": "vegetables", "texture": "lettuce.png" },
    { "id": "lollobiondalettuce", "name": "Lollo Bionda Lettuce", "categoryId": "vegetable", "categoryName": "Vegetable", "subDirectory": "vegetables", "texture": "lollobiondalettuce.png" },
    { "id": "lollorossolettuce", "name": "Lollo Rosso Lettuce", "categoryId": "vegetable", "categoryName": "Vegetable", "subDirectory": "vegetables", "texture": "lollorossolettuce.png" },
    { "id": "lovage", "name": "Lovage", "categoryId": "vegetable", "categoryName": "Vegetable", "subDirectory": "vegetables", "texture": "lovage.png" },
    { "id": "mangetout", "name": "Mangetout", "categoryId": "vegetable", "categoryName": "Vegetable", "subDirectory": "vegetables", "texture": "mangetout.png" },
    { "id": "mangold", "name": "Mangold", "categoryId": "vegetable", "categoryName": "Vegetable", "subDirectory": "vegetables", "texture": "mangold.png" },
    { "id": "marrow", "name": "Marrow", "categoryId": "vegetable", "categoryName": "Vegetable", "subDirectory": "vegetables", "texture": "marrow.png" },
    { "id": "melon", "name": "Melon", "categoryId": "vegetable", "categoryName": "Vegetable", "subDirectory": "vegetables", "texture": "melon.png" },
    { "id": "morel", "name": "Morel", "categoryId": "vegetable", "categoryName": "Vegetable", "subDirectory": "vegetables", "texture": "morel.png" },
    { "id": "mushroom", "name": "Mushroom", "categoryId": "vegetable", "categoryName": "Vegetable", "subDirectory": "vegetables", "texture": "mushroom.png" },
    { "id": "newpotato", "name": "New Potato", "categoryId": "vegetable", "categoryName": "Vegetable", "subDirectory": "vegetables", "texture": "newpotato.png" },
    { "id": "oakleaflettuce", "name": "Oakleaf Lettuce", "categoryId": "vegetable", "categoryName": "Vegetable", "subDirectory": "vegetables", "texture": "oakleaflettuce.png" },
    { "id": "okra", "name": "Okra", "categoryId": "vegetable", "categoryName": "Vegetable", "subDirectory": "vegetables", "texture": "okra.png" },
    { "id": "olive", "name": "Olive", "categoryId": "vegetable", "categoryName": "Vegetable", "subDirectory": "vegetables", "texture": "olive.png" },
    { "id": "onion", "name": "Onion", "categoryId": "vegetable", "categoryName": "Vegetable", "subDirectory": "vegetables", "texture": "onion.png" },
    { "id": "oxheartcabbage", "name": "Oxheart Cabbage", "categoryId": "vegetable", "categoryName": "Vegetable", "subDirectory": "vegetables", "texture": "oxheartcabbage.png" },
    { "id": "oystermushroom", "name": "Oyster Mushroom", "categoryId": "vegetable", "categoryName": "Vegetable", "subDirectory": "vegetables", "texture": "oystermushroom.png" },
    { "id": "pakchoi", "name": "Pak Choi", "categoryId": "vegetable", "categoryName": "Vegetable", "subDirectory": "vegetables", "texture": "pakchoi.png" },
    { "id": "parsleyroot", "name": "Parsley Root", "categoryId": "vegetable", "categoryName": "Vegetable", "subDirectory": "vegetables", "texture": "parsleyroot.png" },
    { "id": "parsnip", "name": "Parsnip", "categoryId": "vegetable", "categoryName": "Vegetable", "subDirectory": "vegetables", "texture": "parsnip.png" },
    { "id": "pea", "name": "Pea", "categoryId": "vegetable", "categoryName": "Vegetable", "subDirectory": "vegetables", "texture": "pea.png" },
    { "id": "pickle", "name": "Pickle", "categoryId": "vegetable", "categoryName": "Vegetable", "subDirectory": "vegetables", "texture": "pickle.png" },
    { "id": "portobellomushroom", "name": "Portobello Mushroom", "categoryId": "vegetable", "categoryName": "Vegetable", "subDirectory": "vegetables", "texture": "portobellomushroom.png" },
    { "id": "potato", "name": "Potato", "categoryId": "vegetable", "categoryName": "Vegetable", "subDirectory": "vegetables", "texture": "potato.png" },
    { "id": "pumpkin", "name": "Pumpkin", "categoryId": "vegetable", "categoryName": "Vegetable", "subDirectory": "vegetables", "texture": "pumpkin.png" },
    { "id": "purplesproutingbroccoli", "name": "Purple Sprouting Broccoli", "categoryId": "vegetable", "categoryName": "Vegetable", "subDirectory": "vegetables", "texture": "purplesproutingbroccoli.png" },
    { "id": "purslane", "name": "Purslane", "categoryId": "vegetable", "categoryName": "Vegetable", "subDirectory": "vegetables", "texture": "purslane.png" },
    { "id": "radicchio", "name": "Radicchio", "categoryId": "vegetable", "categoryName": "Vegetable", "subDirectory": "vegetables", "texture": "radicchio.png" },
    { "id": "radish", "name": "Radish", "categoryId": "vegetable", "categoryName": "Vegetable", "subDirectory": "vegetables", "texture": "radish.png" },
    { "id": "ramson", "name": "Ramson", "categoryId": "vegetable", "categoryName": "Vegetable", "subDirectory": "vegetables", "texture": "ramson.png" },
    { "id": "redchicory", "name": "Red Chicory", "categoryId": "vegetable", "categoryName": "Vegetable", "subDirectory": "vegetables", "texture": "redchicory.png" },
    { "id": "redlettuce", "name": "Red Lettuce", "categoryId": "vegetable", "categoryName": "Vegetable", "subDirectory": "vegetables", "texture": "redlettuce.png" },
    { "id": "redoakleaflettuce", "name": "Red Oakleaf Lettuce", "categoryId": "vegetable", "categoryName": "Vegetable", "subDirectory": "vegetables", "texture": "redoakleaflettuce.png" },
    { "id": "redonion", "name": "Red Onion", "categoryId": "vegetable", "categoryName": "Vegetable", "subDirectory": "vegetables", "texture": "redonion.png" },
    { "id": "redonion-stored", "name": "Red Onion (Stored)", "categoryId": "vegetable", "categoryName": "Vegetable", "subDirectory": "vegetables", "texture": "redonion-stored.png" },
    { "id": "redradish", "name": "Red Radish", "categoryId": "vegetable", "categoryName": "Vegetable", "subDirectory": "vegetables", "texture": "redradish.png" },
    { "id": "rhubarb", "name": "Rhubarb", "categoryId": "vegetable", "categoryName": "Vegetable", "subDirectory": "vegetables", "texture": "rhubarb.png" },
    { "id": "romainelettuce", "name": "Romaine Lettuce", "categoryId": "vegetable", "categoryName": "Vegetable", "subDirectory": "vegetables", "texture": "romainelettuce.png" },
    { "id": "romanesco", "name": "Romanesco", "categoryId": "vegetable", "categoryName": "Vegetable", "subDirectory": "vegetables", "texture": "romanesco.png" },
    { "id": "rucola", "name": "Rucola", "categoryId": "vegetable", "categoryName": "Vegetable", "subDirectory": "vegetables", "texture": "rucola.png" },
    { "id": "runnerbean", "name": "Runner Bean", "categoryId": "vegetable", "categoryName": "Vegetable", "subDirectory": "vegetables", "texture": "runnerbean.png" },
    { "id": "rutabaga", "name": "Rutabaga", "categoryId": "vegetable", "categoryName": "Vegetable", "subDirectory": "vegetables", "texture": "rutabaga.png" },
    { "id": "salsify", "name": "Salsify", "categoryId": "vegetable", "categoryName": "Vegetable", "subDirectory": "vegetables", "texture": "salsify.png" },
    { "id": "samphire", "name": "Samphire", "categoryId": "vegetable", "categoryName": "Vegetable", "subDirectory": "vegetables", "texture": "samphire.png" },
    { "id": "savoycabbage", "name": "Savoy Cabbage", "categoryId": "vegetable", "categoryName": "Vegetable", "subDirectory": "vegetables", "texture": "savoycabbage.png" },
    { "id": "scallion", "name": "Scallion", "categoryId": "vegetable", "categoryName": "Vegetable", "subDirectory": "vegetables", "texture": "scallion.png" },
    { "id": "shallot", "name": "Shallot", "categoryId": "vegetable", "categoryName": "Vegetable", "subDirectory": "vegetables", "texture": "shallot.png" },
    { "id": "shiitakemushroom", "name": "Shiitake Mushroom", "categoryId": "vegetable", "categoryName": "Vegetable", "subDirectory": "vegetables", "texture": "shiitakemushroom.png" },
    { "id": "snappea", "name": "Snap Pea", "categoryId": "vegetable", "categoryName": "Vegetable", "subDirectory": "vegetables", "texture": "snappea.png" },
    { "id": "snowpea", "name": "Snow Pea", "categoryId": "vegetable", "categoryName": "Vegetable", "subDirectory": "vegetables", "texture": "snowpea.png" },
    { "id": "sorrel", "name": "Sorrel", "categoryId": "vegetable", "categoryName": "Vegetable", "subDirectory": "vegetables", "texture": "sorrel.png" },
    { "id": "soybean", "name": "Soybean", "categoryId": "vegetable", "categoryName": "Vegetable", "subDirectory": "vegetables", "texture": "soybean.png" },
    { "id": "spinach", "name": "Spinach", "categoryId": "vegetable", "categoryName": "Vegetable", "subDirectory": "vegetables", "texture": "spinach.png" },
    { "id": "springonion", "name": "Spring Onion", "categoryId": "vegetable", "categoryName": "Vegetable", "subDirectory": "vegetables", "texture": "springonion.png" },
    { "id": "squash", "name": "Squash", "categoryId": "vegetable", "categoryName": "Vegetable", "subDirectory": "vegetables", "texture": "squash.png" },
    { "id": "summercabbage", "name": "Summer Cabbage", "categoryId": "vegetable", "categoryName": "Vegetable", "subDirectory": "vegetables", "texture": "summercabbage.png" },
    { "id": "swede", "name": "Swede", "categoryId": "vegetable", "categoryName": "Vegetable", "subDirectory": "vegetables", "texture": "swede.png" },
    { "id": "sweetcorn", "name": "Sweet Corn", "categoryId": "vegetable", "categoryName": "Vegetable", "subDirectory": "vegetables", "texture": "sweetcorn.png" },
    { "id": "sweetpotato", "name": "Sweet Potato", "categoryId": "vegetable", "categoryName": "Vegetable", "subDirectory": "vegetables", "texture": "sweetpotato.png" },
    { "id": "swisschard", "name": "Swiss Chard", "categoryId": "vegetable", "categoryName": "Vegetable", "subDirectory": "vegetables", "texture": "swisschard.png" },
    { "id": "taro", "name": "Taro", "categoryId": "vegetable", "categoryName": "Vegetable", "subDirectory": "vegetables", "texture": "taro.png" },
    { "id": "tomato", "name": "Tomato", "categoryId": "vegetable", "categoryName": "Vegetable", "subDirectory": "vegetables", "texture": "tomato.png" },
    { "id": "tomato-stored", "name": "Tomato (Stored)", "categoryId": "vegetable", "categoryName": "Vegetable", "subDirectory": "vegetables", "texture": "tomato-stored.png" },
    { "id": "truffleblack", "name": "Black Truffle", "categoryId": "vegetable", "categoryName": "Vegetable", "subDirectory": "vegetables", "texture": "truffleblack.png" },
    { "id": "trufflewhite", "name": "White Truffle", "categoryId": "vegetable", "categoryName": "Vegetable", "subDirectory": "vegetables", "texture": "trufflewhite.png" },
    { "id": "turnip", "name": "Turnip", "categoryId": "vegetable", "categoryName": "Vegetable", "subDirectory": "vegetables", "texture": "turnip.png" },
    { "id": "watercress", "name": "Watercress", "categoryId": "vegetable", "categoryName": "Vegetable", "subDirectory": "vegetables", "texture": "watercress.png" },
    { "id": "watermelon", "name": "Watermelon", "categoryId": "vegetable", "categoryName": "Vegetable", "subDirectory": "vegetables", "texture": "watermelon.png" },
    { "id": "whiteasparagus", "name": "White Asparagus", "categoryId": "vegetable", "categoryName": "Vegetable", "subDirectory": "vegetables", "texture": "whiteasparagus.png" },
    { "id": "whitebean", "name": "White Bean", "categoryId": "vegetable", "categoryName": "Vegetable", "subDirectory": "vegetables", "texture": "whitebean.png" },
    { "id": "whitecabbage", "name": "White Cabbage", "categoryId": "vegetable", "categoryName": "Vegetable", "subDirectory": "vegetables", "texture": "whitecabbage.png" },
    { "id": "whiteradish", "name": "White Radish", "categoryId": "vegetable", "categoryName": "Vegetable", "subDirectory": "vegetables", "texture": "whiteradish.png" },
    { "id": "wildgarlic", "name": "Wild Garlic", "categoryId": "vegetable", "categoryName": "Vegetable", "subDirectory": "vegetables", "texture": "wildgarlic.png" },
    { "id": "wildgreens", "name": "Wild Greens", "categoryId": "vegetable", "categoryName": "Vegetable", "subDirectory": "vegetables", "texture": "wildgreens.png" },
    { "id": "wintermelon", "name": "Winter Melon", "categoryId": "vegetable", "categoryName": "Vegetable", "subDirectory": "vegetables", "texture": "wintermelon.png" }
  ]
}
