{
  "items": [
    {
      "id": "apple",
      "name": "Pomme",
      "categoryId": "fruit",
      "categoryName": "Fruit",
      "subDirectory": "fruits",
      "texture": "apple.png"
    },
    {
      "id": "apricot",
      "name": "Abricot",
      "categoryId": "fruit",
      "categoryName": "Fruit",
      "subDirectory": "fruits",
      "texture": "apricot.png"
    },
    {
      "id": "avocado",
      "name": "Avocat",
      "categoryId": "fruit",
      "categoryName": "Fruit",
      "subDirectory": "fruits",
      "texture": "avocado.png"
    },
    {
      "id": "banana",
      "name": "Banane",
      "categoryId": "fruit",
      "categoryName": "Fruit",
      "subDirectory": "fruits",
      "texture": "banana.png"
    },
    {
      "id": "beetlebean",
      "name": "Beetlebean",
      "categoryId": "vegetable",
      "categoryName": "Légume",
      "subDirectory": "vegetables",
      "texture": "beetlebean.png"
    },
    {
      "id": "bilberry",
      "name": "Myrtille",
      "categoryId": "fruit",
      "categoryName": "Fruit",
      "subDirectory": "fruits",
      "texture": "bilberry.png"
    },
    {
      "id": "blackberry",
      "name": "Mûre",
      "categoryId": "fruit",
      "categoryName": "Fruit",
      "subDirectory": "fruits",
      "texture": "blackberry.png"
    },
    {
      "id": "blackcurrant",
      "name": "Cassis",
      "categoryId": "fruit",
      "categoryName": "Fruit",
      "subDirectory": "fruits",
      "texture": "blackcurrant.png"
    },
    {
      "id": "blackrowan",
      "name": "Blackrowan",
      "categoryId": "fruit",
      "categoryName": "Fruit",
      "subDirectory": "fruits",
      "texture": "blackrowan.png"
    },
    {
      "id": "blackthorn",
      "name": "Prunellier",
      "categoryId": "fruit",
      "categoryName": "Fruit",
      "subDirectory": "fruits",
      "texture": "blackthorn.png"
    },
    {
      "id": "bloodorange",
      "name": "Sang",
      "categoryId": "fruit",
      "categoryName": "Fruit",
      "subDirectory": "fruits",
      "texture": "bloodorange.png"
    },
    {
      "id": "blueberry",
      "name": "Myrtille",
      "categoryId": "fruit",
      "categoryName": "Fruit",
      "subDirectory": "fruits",
      "texture": "blueberry.png"
    },
    {
      "id": "bluehoneysuckleberry",
      "name": "Bluehoneyckleberry",
      "categoryId": "fruit",
      "categoryName": "Fruit",
      "subDirectory": "fruits",
      "texture": "bluehoneysuckleberry.png"
    },
    {
      "id": "bramleyapple",
      "name": "Bramleyapple",
      "categoryId": "fruit",
      "categoryName": "Fruit",
      "subDirectory": "fruits",
      "texture": "bramleyapple.png"
    },
    {
      "id": "carob",
      "name": "Caroube",
      "categoryId": "fruit",
      "categoryName": "Fruit",
      "subDirectory": "fruits",
      "texture": "carob.png"
    },
    {
      "id": "cherry",
      "name": "Cerise",
      "categoryId": "fruit",
      "categoryName": "Fruit",
      "subDirectory": "fruits",
      "texture": "cherry.png"
    },
    {
      "id": "cherryplum",
      "name": "Gâchis",
      "categoryId": "fruit",
      "categoryName": "Fruit",
      "subDirectory": "fruits",
      "texture": "cherryplum.png"
    },
    {
      "id": "chokeberry",
      "name": "Gré",
      "categoryId": "fruit",
      "categoryName": "Fruit",
      "subDirectory": "fruits",
      "texture": "chokeberry.png"
    },
    {
      "id": "citrus",
      "name": "Agrumes",
      "categoryId": "fruit",
      "categoryName": "Fruit",
      "subDirectory": "fruits",
      "texture": "citrus.png"
    },
    {
      "id": "clementine",
      "name": "Clementine",
      "categoryId": "fruit",
      "categoryName": "Fruit",
      "subDirectory": "fruits",
      "texture": "clementine.png"
    },
    {
      "id": "cloudberry",
      "name": "Casse",
      "categoryId": "fruit",
      "categoryName": "Fruit",
      "subDirectory": "fruits",
      "texture": "cloudberry.png"
    },
    {
      "id": "cranberry",
      "name": "Canneberge",
      "categoryId": "fruit",
      "categoryName": "Fruit",
      "subDirectory": "fruits",
      "texture": "cranberry.png"
    },
    {
      "id": "crabapple",
      "name": "Crabapple",
      "categoryId": "fruit",
      "categoryName": "Fruit",
      "subDirectory": "fruits",
      "texture": "crabapple.png"
    },
    {
      "id": "custardapple",
      "name": "Custardapple",
      "categoryId": "fruit",
      "categoryName": "Fruit",
      "subDirectory": "fruits",
      "texture": "custardapple.png"
    },
    {
      "id": "donutpeach",
      "name": "Beignet",
      "categoryId": "fruit",
      "categoryName": "Fruit",
      "subDirectory": "fruits",
      "texture": "donutpeach.png"
    },
    {
      "id": "elderberry",
      "name": "Sureau",
      "categoryId": "fruit",
      "categoryName": "Fruit",
      "subDirectory": "fruits",
      "texture": "elderberry.png"
    },
    {
      "id": "fig",
      "name": "figue",
      "categoryId": "fruit",
      "categoryName": "Fruit",
      "subDirectory": "fruits",
      "texture": "fig.png"
    },
    {
      "id": "gooseberry",
      "name": "Groseille",
      "categoryId": "fruit",
      "categoryName": "Fruit",
      "subDirectory": "fruits",
      "texture": "gooseberry.png"
    },
    {
      "id": "grape",
      "name": "Raisin",
      "categoryId": "fruit",
      "categoryName": "Fruit",
      "subDirectory": "fruits",
      "texture": "grape.png"
    },
    {
      "id": "grapefruit",
      "name": "Pamplemousse",
      "categoryId": "fruit",
      "categoryName": "Fruit",
      "subDirectory": "fruits",
      "texture": "grapefruit.png"
    },
    {
      "id": "greengage",
      "name": "Greenengage",
      "categoryId": "fruit",
      "categoryName": "Fruit",
      "subDirectory": "fruits",
      "texture": "greengage.png"
    },
    {
      "id": "guava",
      "name": "Goyave",
      "categoryId": "fruit",
      "categoryName": "Fruit",
      "subDirectory": "fruits",
      "texture": "guava.png"
    },
    {
      "id": "jujube",
      "name": "Jujube",
      "categoryId": "fruit",
      "categoryName": "Fruit",
      "subDirectory": "fruits",
      "texture": "jujube.png"
    },
    {
      "id": "kiwi",
      "name": "Kiwi",
      "categoryId": "fruit",
      "categoryName": "Fruit",
      "subDirectory": "fruits",
      "texture": "kiwi.png"
    },
    {
      "id": "lemon",
      "name": "Citron",
      "categoryId": "fruit",
      "categoryName": "Fruit",
      "subDirectory": "fruits",
      "texture": "lemon.png"
    },
    {
      "id": "lingonberry",
      "name": "Lingon",
      "categoryId": "fruit",
      "categoryName": "Fruit",
      "subDirectory": "fruits",
      "texture": "lingonberry.png"
    },
    {
      "id": "loganberry",
      "name": "Loganberry",
      "categoryId": "fruit",
      "categoryName": "Fruit",
      "subDirectory": "fruits",
      "texture": "loganberry.png"
    },
    {
      "id": "loquat",
      "name": "Loopat",
      "categoryId": "fruit",
      "categoryName": "Fruit",
      "subDirectory": "fruits",
      "texture": "loquat.png"
    },
    {
      "id": "mandarin",
      "name": "mandarin",
      "categoryId": "fruit",
      "categoryName": "Fruit",
      "subDirectory": "fruits",
      "texture": "mandarin.png"
    },
    {
      "id": "mango",
      "name": "mangue",
      "categoryId": "fruit",
      "categoryName": "Fruit",
      "subDirectory": "fruits",
      "texture": "mango.png"
    },
    {
      "id": "mantorestangerine",
      "name": "Mantorestangerine",
      "categoryId": "fruit",
      "categoryName": "Fruit",
      "subDirectory": "fruits",
      "texture": "mantorestangerine.png"
    },
    {
      "id": "medlar",
      "name": "Néflier",
      "categoryId": "fruit",
      "categoryName": "Fruit",
      "subDirectory": "fruits",
      "texture": "medlar.png"
    },
    {
      "id": "melon",
      "name": "Melon",
      "categoryId": "fruit",
      "categoryName": "Fruit",
      "subDirectory": "fruits",
      "texture": "melon.png"
    },
    {
      "id": "mirabelleplum",
      "name": "Mirabelleplum",
      "categoryId": "fruit",
      "categoryName": "Fruit",
      "subDirectory": "fruits",
      "texture": "mirabelleplum.png"
    },
    {
      "id": "mulberry",
      "name": "Mûre",
      "categoryId": "fruit",
      "categoryName": "Fruit",
      "subDirectory": "fruits",
      "texture": "mulberry.png"
    },
    {
      "id": "muskmelon",
      "name": "Cantaloup",
      "categoryId": "fruit",
      "categoryName": "Fruit",
      "subDirectory": "fruits",
      "texture": "muskmelon.png"
    },
    {
      "id": "nectarine",
      "name": "Nectarine",
      "categoryId": "fruit",
      "categoryName": "Fruit",
      "subDirectory": "fruits",
      "texture": "nectarine.png"
    },
    {
      "id": "orange",
      "name": "Orange",
      "categoryId": "fruit",
      "categoryName": "Fruit",
      "subDirectory": "fruits",
      "texture": "orange.png"
    },
    {
      "id": "papaya",
      "name": "Papaye",
      "categoryId": "fruit",
      "categoryName": "Fruit",
      "subDirectory": "fruits",
      "texture": "papaya.png"
    },
    {
      "id": "peach",
      "name": "Pêche",
      "categoryId": "fruit",
      "categoryName": "Fruit",
      "subDirectory": "fruits",
      "texture": "peach.png"
    },
    {
      "id": "pear",
      "name": "Poire",
      "categoryId": "fruit",
      "categoryName": "Fruit",
      "subDirectory": "fruits",
      "texture": "pear.png"
    },
    {
      "id": "persimmon",
      "name": "Kaki",
      "categoryId": "fruit",
      "categoryName": "Fruit",
      "subDirectory": "fruits",
      "texture": "persimmon.png"
    },
    {
      "id": "pineapple",
      "name": "Ananas",
      "categoryId": "fruit",
      "categoryName": "Fruit",
      "subDirectory": "fruits",
      "texture": "pineapple.png"
    },
    {
      "id": "plum",
      "name": "Prune",
      "categoryId": "fruit",
      "categoryName": "Fruit",
      "subDirectory": "fruits",
      "texture": "plum.png"
    },
    {
      "id": "pomegranate",
      "name": "Grenade",
      "categoryId": "fruit",
      "categoryName": "Fruit",
      "subDirectory": "fruits",
      "texture": "pomegranate.png"
    },
    {
      "id": "pomelo",
      "name": "Pomélo",
      "categoryId": "fruit",
      "categoryName": "Fruit",
      "subDirectory": "fruits",
      "texture": "pomelo.png"
    },
    {
      "id": "pricklypear",
      "name": "Pivot",
      "categoryId": "fruit",
      "categoryName": "Fruit",
      "subDirectory": "fruits",
      "texture": "pricklypear.png"
    },
    {
      "id": "prune",
      "name": "Élaguer",
      "categoryId": "fruit",
      "categoryName": "Fruit",
      "subDirectory": "fruits",
      "texture": "prune.png"
    },
    {
      "id": "quince",
      "name": "Coing",
      "categoryId": "fruit",
      "categoryName": "Fruit",
      "subDirectory": "fruits",
      "texture": "quince.png"
    },
    {
      "id": "raspberry",
      "name": "Framboise",
      "categoryId": "fruit",
      "categoryName": "Fruit",
      "subDirectory": "fruits",
      "texture": "raspberry.png"
    },
    {
      "id": "redberry",
      "name": "Redberry",
      "categoryId": "fruit",
      "categoryName": "Fruit",
      "subDirectory": "fruits",
      "texture": "redberry.png"
    },
    {
      "id": "redcurrant",
      "name": "Groseille rouge",
      "categoryId": "fruit",
      "categoryName": "Fruit",
      "subDirectory": "fruits",
      "texture": "redcurrant.png"
    },
    {
      "id": "seabuckthorn",
      "name": "Seabuckthorn",
      "categoryId": "fruit",
      "categoryName": "Fruit",
      "subDirectory": "fruits",
      "texture": "seabuckthorn.png"
    },
    {
      "id": "strawberry",
      "name": "Fraise",
      "categoryId": "fruit",
      "categoryName": "Fruit",
      "subDirectory": "fruits",
      "texture": "strawberry.png"
    },
    {
      "id": "summerapple",
      "name": "Summer Apple",
      "categoryId": "fruit",
      "categoryName": "Fruit",
      "subDirectory": "fruits",
      "texture": "summerapple.png"
    },
    {
      "id": "summerorange",
      "name": "SummerOrange",
      "categoryId": "fruit",
      "categoryName": "Fruit",
      "subDirectory": "fruits",
      "texture": "summerorange.png"
    },
    {
      "id": "tangerine",
      "name": "Tangerine",
      "categoryId": "fruit",
      "categoryName": "Fruit",
      "subDirectory": "fruits",
      "texture": "tangerine.png"
    },
    {
      "id": "tayberry",
      "name": "Tayberpe",
      "categoryId": "fruit",
      "categoryName": "Fruit",
      "subDirectory": "fruits",
      "texture": "tayberry.png"
    },
    {
      "id": "watermelon",
      "name": "Pastèque",
      "categoryId": "fruit",
      "categoryName": "Fruit",
      "subDirectory": "fruits",
      "texture": "watermelon.png"
    },
    {
      "id": "whitecurrant",
      "name": "Certificat de blanchiment",
      "categoryId": "fruit",
      "categoryName": "Fruit",
      "subDirectory": "fruits",
      "texture": "whitecurrant.png"
    },
    {
      "id": "whitemulberry",
      "name": "Whitemulberry",
      "categoryId": "fruit",
      "categoryName": "Fruit",
      "subDirectory": "fruits",
      "texture": "whitemulberry.png"
    },
    {
      "id": "winterapple",
      "name": "Winterapple",
      "categoryId": "fruit",
      "categoryName": "Fruit",
      "subDirectory": "fruits",
      "texture": "winterapple.png"
    },
    {
      "id": "artichoke",
      "name": "Artichaut",
      "categoryId": "vegetable",
      "categoryName": "Légume",
      "subDirectory": "vegetables",
      "texture": "artichoke.png"
    },
    {
      "id": "arugula",
      "name": "Roquette",
      "categoryId": "vegetable",
      "categoryName": "Légume",
      "subDirectory": "vegetables",
      "texture": "arugula.png"
    },
    {
      "id": "asparagus",
      "name": "Asperge",
      "categoryId": "vegetable",
      "categoryName": "Légume",
      "subDirectory": "vegetables",
      "texture": "asparagus.png"
    },
    {
      "id": "aubergine",
      "name": "Aubergine",
      "categoryId": "vegetable",
      "categoryName": "Légume",
      "subDirectory": "vegetables",
      "texture": "aubergine.png"
    },
    {
      "id": "batavialettuce",
      "name": "Laitue batavia",
      "categoryId": "vegetable",
      "categoryName": "Légume",
      "subDirectory": "vegetables",
      "texture": "batavialettuce.png"
    },
    {
      "id": "bayboletemushroom",
      "name": "Champignon Bay Bolete",
      "categoryId": "vegetable",
      "categoryName": "Légume",
      "subDirectory": "vegetables",
      "texture": "bayboletemushroom.png"
    },
    {
      "id": "bean",
      "name": "Haricot",
      "categoryId": "vegetable",
      "categoryName": "Légume",
      "subDirectory": "vegetables",
      "texture": "bean.png"
    },
    {
      "id": "beechhatmushroom",
      "name": "Champignon du chapeau de hêtre",
      "categoryId": "vegetable",
      "categoryName": "Légume",
      "subDirectory": "vegetables",
      "texture": "beechhatmushroom.png"
    },
    {
      "id": "beetlebean",
      "name": "Haricot de coléoptère",
      "categoryId": "vegetable",
      "categoryName": "Légume",
      "subDirectory": "vegetables",
      "texture": "beetlebean.png"
    },
    {
      "id": "beetroot",
      "name": "Betterave",
      "categoryId": "vegetable",
      "categoryName": "Légume",
      "subDirectory": "vegetables",
      "texture": "beetroot.png"
    },
    {
      "id": "bellpepper",
      "name": "Poivron",
      "categoryId": "vegetable",
      "categoryName": "Légume",
      "subDirectory": "vegetables",
      "texture": "bellpepper.png"
    },
    {
      "id": "blackbean",
      "name": "Haricot noir",
      "categoryId": "vegetable",
      "categoryName": "Légume",
      "subDirectory": "vegetables",
      "texture": "blackbean.png"
    },
    {
      "id": "blackeyedpea",
      "name": "Pois aux yeux noirs",
      "categoryId": "vegetable",
      "categoryName": "Légume",
      "subDirectory": "vegetables",
      "texture": "blackeyedpea.png"
    },
    {
      "id": "blackradish",
      "name": "Radis noir",
      "categoryId": "vegetable",
      "categoryName": "Légume",
      "subDirectory": "vegetables",
      "texture": "blackradish.png"
    },
    {
      "id": "boletusmushroom",
      "name": "Champignon bolet",
      "categoryId": "vegetable",
      "categoryName": "Légume",
      "subDirectory": "vegetables",
      "texture": "boletusmushroom.png"
    },
    {
      "id": "broadbean",
      "name": "Fève",
      "categoryId": "vegetable",
      "categoryName": "Légume",
      "subDirectory": "vegetables",
      "texture": "broadbean.png"
    },
    {
      "id": "broccolini",
      "name": "Brocolini",
      "categoryId": "vegetable",
      "categoryName": "Légume",
      "subDirectory": "vegetables",
      "texture": "broccolini.png"
    },
    {
      "id": "broccoli",
      "name": "Brocoli",
      "categoryId": "vegetable",
      "categoryName": "Légume",
      "subDirectory": "vegetables",
      "texture": "broccoli.png"
    },
    {
      "id": "brownbean",
      "name": "Haricot brun",
      "categoryId": "vegetable",
      "categoryName": "Légume",
      "subDirectory": "vegetables",
      "texture": "brownbean.png"
    },
    {
      "id": "brusselssprout",
      "name": "Bruxelles Sprout",
      "categoryId": "vegetable",
      "categoryName": "Légume",
      "subDirectory": "vegetables",
      "texture": "brusselssprout.png"
    },
    {
      "id": "butternutsquash",
      "name": "Courge musquée",
      "categoryId": "vegetable",
      "categoryName": "Légume",
      "subDirectory": "vegetables",
      "texture": "butternutsquash.png"
    },
    {
      "id": "cabbage",
      "name": "Chou",
      "categoryId": "vegetable",
      "categoryName": "Légume",
      "subDirectory": "vegetables",
      "texture": "cabbage.png"
    },
    {
      "id": "cardoon",
      "name": "Cardon",
      "categoryId": "vegetable",
      "categoryName": "Légume",
      "subDirectory": "vegetables",
      "texture": "cardoon.png"
    },
    {
      "id": "carrot",
      "name": "Carotte",
      "categoryId": "vegetable",
      "categoryName": "Légume",
      "subDirectory": "vegetables",
      "texture": "carrot.png"
    },
    {
      "id": "catalognapuntarelle",
      "name": "Catalogne Puntarelle",
      "categoryId": "vegetable",
      "categoryName": "Légume",
      "subDirectory": "vegetables",
      "texture": "catalognapuntarelle.png"
    },
    {
      "id": "cauliflower",
      "name": "Chou-fleur",
      "categoryId": "vegetable",
      "categoryName": "Légume",
      "subDirectory": "vegetables",
      "texture": "cauliflower.png"
    },
    {
      "id": "cavolonero",
      "name": "Chou noir",
      "categoryId": "vegetable",
      "categoryName": "Légume",
      "subDirectory": "vegetables",
      "texture": "cavolonero.png"
    },
    {
      "id": "celeriac",
      "name": "Céleriac",
      "categoryId": "vegetable",
      "categoryName": "Légume",
      "subDirectory": "vegetables",
      "texture": "celeriac.png"
    },
    {
      "id": "celery",
      "name": "Céleri",
      "categoryId": "vegetable",
      "categoryName": "Légume",
      "subDirectory": "vegetables",
      "texture": "celery.png"
    },
    {
      "id": "chanterellemushroom",
      "name": "Chanterelle Mushroom",
      "categoryId": "vegetable",
      "categoryName": "Légume",
      "subDirectory": "vegetables",
      "texture": "chanterellemushroom.png"
    },
    {
      "id": "chard",
      "name": "Bettes",
      "categoryId": "vegetable",
      "categoryName": "Légume",
      "subDirectory": "vegetables",
      "texture": "chard.png"
    },
    {
      "id": "chayote",
      "name": "Chayote",
      "categoryId": "vegetable",
      "categoryName": "Légume",
      "subDirectory": "vegetables",
      "texture": "chayote.png"
    },
    {
      "id": "chicory",
      "name": "Chicorée",
      "categoryId": "vegetable",
      "categoryName": "Légume",
      "subDirectory": "vegetables",
      "texture": "chicory.png"
    },
    {
      "id": "chili",
      "name": "Piment",
      "categoryId": "vegetable",
      "categoryName": "Légume",
      "subDirectory": "vegetables",
      "texture": "chili.png"
    },
    {
      "id": "chinesecabbage",
      "name": "Chou chinois",
      "categoryId": "vegetable",
      "categoryName": "Légume",
      "subDirectory": "vegetables",
      "texture": "chinesecabbage.png"
    },
    {
      "id": "courgette",
      "name": "Courbore",
      "categoryId": "vegetable",
      "categoryName": "Légume",
      "subDirectory": "vegetables",
      "texture": "courgette.png"
    },
    {
      "id": "cress",
      "name": "Cresson",
      "categoryId": "vegetable",
      "categoryName": "Légume",
      "subDirectory": "vegetables",
      "texture": "cress.png"
    },
    {
      "id": "cucumber",
      "name": "Concombre",
      "categoryId": "vegetable",
      "categoryName": "Légume",
      "subDirectory": "vegetables",
      "texture": "cucumber.png"
    },
    {
      "id": "curlyendive",
      "name": "Endive",
      "categoryId": "vegetable",
      "categoryName": "Légume",
      "subDirectory": "vegetables",
      "texture": "curlyendive.png"
    },
    {
      "id": "emperormushroom",
      "name": "Champignon empereur",
      "categoryId": "vegetable",
      "categoryName": "Légume",
      "subDirectory": "vegetables",
      "texture": "emperormushroom.png"
    },
    {
      "id": "endive",
      "name": "Endive",
      "categoryId": "vegetable",
      "categoryName": "Légume",
      "subDirectory": "vegetables",
      "texture": "endive.png"
    },
    {
      "id": "enokimushroom",
      "name": "Champignon enoki",
      "categoryId": "vegetable",
      "categoryName": "Légume",
      "subDirectory": "vegetables",
      "texture": "enokimushroom.png"
    },
    {
      "id": "fennel",
      "name": "Fenouil",
      "categoryId": "vegetable",
      "categoryName": "Légume",
      "subDirectory": "vegetables",
      "texture": "fennel.png"
    },
    {
      "id": "firebean",
      "name": "Haricot de feu",
      "categoryId": "vegetable",
      "categoryName": "Légume",
      "subDirectory": "vegetables",
      "texture": "firebean.png"
    },
    {
      "id": "frillicelettuce",
      "name": "Laitue à folie",
      "categoryId": "vegetable",
      "categoryName": "Légume",
      "subDirectory": "vegetables",
      "texture": "frillicelettuce.png"
    },
    {
      "id": "friseelettuce",
      "name": "Laitue frisee",
      "categoryId": "vegetable",
      "categoryName": "Légume",
      "subDirectory": "vegetables",
      "texture": "friseelettuce.png"
    },
    {
      "id": "friseline",
      "name": "Frison",
      "categoryId": "vegetable",
      "categoryName": "Légume",
      "subDirectory": "vegetables",
      "texture": "friseline.png"
    },
    {
      "id": "gardenorache",
      "name": "Jardin ou mal",
      "categoryId": "vegetable",
      "categoryName": "Légume",
      "subDirectory": "vegetables",
      "texture": "gardenorache.png"
    },
    {
      "id": "gardenpatience",
      "name": "Patience du jardin",
      "categoryId": "vegetable",
      "categoryName": "Légume",
      "subDirectory": "vegetables",
      "texture": "gardenpatience.png"
    },
    {
      "id": "garlic",
      "name": "Ail",
      "categoryId": "vegetable",
      "categoryName": "Légume",
      "subDirectory": "vegetables",
      "texture": "garlic.png"
    },
    {
      "id": "gherkin",
      "name": "Cornichon",
      "categoryId": "vegetable",
      "categoryName": "Légume",
      "subDirectory": "vegetables",
      "texture": "gherkin.png"
    },
    {
      "id": "grape",
      "name": "Raisin",
      "categoryId": "vegetable",
      "categoryName": "Légume",
      "subDirectory": "vegetables",
      "texture": "grape.png"
    },
    {
      "id": "greenamaranth",
      "name": "Amarante verte",
      "categoryId": "vegetable",
      "categoryName": "Légume",
      "subDirectory": "vegetables",
      "texture": "greenamaranth.png"
    },
    {
      "id": "greenbean",
      "name": "Haricot vert",
      "categoryId": "vegetable",
      "categoryName": "Légume",
      "subDirectory": "vegetables",
      "texture": "greenbean.png"
    },
    {
      "id": "greenbellpepper",
      "name": "Poivron vert",
      "categoryId": "vegetable",
      "categoryName": "Légume",
      "subDirectory": "vegetables",
      "texture": "greenbellpepper.png"
    },
    {
      "id": "haricotbean",
      "name": "Haricot blanc",
      "categoryId": "vegetable",
      "categoryName": "Légume",
      "subDirectory": "vegetables",
      "texture": "haricotbean.png"
    },
    {
      "id": "heartoflettuce",
      "name": "Coeur de laitue",
      "categoryId": "vegetable",
      "categoryName": "Légume",
      "subDirectory": "vegetables",
      "texture": "heartoflettuce.png"
    },
    {
      "id": "horseradish",
      "name": "Raifort",
      "categoryId": "vegetable",
      "categoryName": "Légume",
      "subDirectory": "vegetables",
      "texture": "horseradish.png"
    },
    {
      "id": "iceberglettuce",
      "name": "Laitue iceberg",
      "categoryId": "vegetable",
      "categoryName": "Légume",
      "subDirectory": "vegetables",
      "texture": "iceberglettuce.png"
    },
    {
      "id": "jerusalemartichoke",
      "name": "Topinambour",
      "categoryId": "vegetable",
      "categoryName": "Légume",
      "subDirectory": "vegetables",
      "texture": "jerusalemartichoke.png"
    },
    {
      "id": "kale",
      "name": "Chou frisé",
      "categoryId": "vegetable",
      "categoryName": "Légume",
      "subDirectory": "vegetables",
      "texture": "kale.png"
    },
    {
      "id": "kalette",
      "name": "Veau",
      "categoryId": "vegetable",
      "categoryName": "Légume",
      "subDirectory": "vegetables",
      "texture": "kalette.png"
    },
    {
      "id": "kidneybean",
      "name": "Haricot rouge",
      "categoryId": "vegetable",
      "categoryName": "Légume",
      "subDirectory": "vegetables",
      "texture": "kidneybean.png"
    },
    {
      "id": "kohlrabi",
      "name": "Kohlrabi",
      "categoryId": "vegetable",
      "categoryName": "Légume",
      "subDirectory": "vegetables",
      "texture": "kohlrabi.png"
    },
    {
      "id": "lambslettuce",
      "name": "Laitue d'agneau",
      "categoryId": "vegetable",
      "categoryName": "Légume",
      "subDirectory": "vegetables",
      "texture": "lambslettuce.png"
    },
    {
      "id": "leek",
      "name": "poireau",
      "categoryId": "vegetable",
      "categoryName": "Légume",
      "subDirectory": "vegetables",
      "texture": "leek.png"
    },
    {
      "id": "lettuce",
      "name": "Laitue",
      "categoryId": "vegetable",
      "categoryName": "Légume",
      "subDirectory": "vegetables",
      "texture": "lettuce.png"
    },
    {
      "id": "lollobiondalettuce",
      "name": "Doublure blonde lâche",
      "categoryId": "vegetable",
      "categoryName": "Légume",
      "subDirectory": "vegetables",
      "texture": "lollobiondalettuce.png"
    },
    {
      "id": "lollorossolettuce",
      "name": "Lollo Red Read",
      "categoryId": "vegetable",
      "categoryName": "Légume",
      "subDirectory": "vegetables",
      "texture": "lollorossolettuce.png"
    },
    {
      "id": "lovage",
      "name": "Adorable",
      "categoryId": "vegetable",
      "categoryName": "Légume",
      "subDirectory": "vegetables",
      "texture": "lovage.png"
    },
    {
      "id": "mangetout",
      "name": "Mangetout",
      "categoryId": "vegetable",
      "categoryName": "Légume",
      "subDirectory": "vegetables",
      "texture": "mangetout.png"
    },
    {
      "id": "mangold",
      "name": "Mangold",
      "categoryId": "vegetable",
      "categoryName": "Légume",
      "subDirectory": "vegetables",
      "texture": "mangold.png"
    },
    {
      "id": "marrow",
      "name": "Moelle",
      "categoryId": "vegetable",
      "categoryName": "Légume",
      "subDirectory": "vegetables",
      "texture": "marrow.png"
    },
    {
      "id": "melon",
      "name": "Melon",
      "categoryId": "vegetable",
      "categoryName": "Légume",
      "subDirectory": "vegetables",
      "texture": "melon.png"
    },
    {
      "id": "morel",
      "name": "Morille",
      "categoryId": "vegetable",
      "categoryName": "Légume",
      "subDirectory": "vegetables",
      "texture": "morel.png"
    },
    {
      "id": "mushroom",
      "name": "Champignon",
      "categoryId": "vegetable",
      "categoryName": "Légume",
      "subDirectory": "vegetables",
      "texture": "mushroom.png"
    },
    {
      "id": "newpotato",
      "name": "Nouvelle pomme de terre",
      "categoryId": "vegetable",
      "categoryName": "Légume",
      "subDirectory": "vegetables",
      "texture": "newpotato.png"
    },
    {
      "id": "oakleaflettuce",
      "name": "Laitue en chêne",
      "categoryId": "vegetable",
      "categoryName": "Légume",
      "subDirectory": "vegetables",
      "texture": "oakleaflettuce.png"
    },
    {
      "id": "okra",
      "name": "Gombo",
      "categoryId": "vegetable",
      "categoryName": "Légume",
      "subDirectory": "vegetables",
      "texture": "okra.png"
    },
    {
      "id": "olive",
      "name": "Olive",
      "categoryId": "vegetable",
      "categoryName": "Légume",
      "subDirectory": "vegetables",
      "texture": "olive.png"
    },
    {
      "id": "onion",
      "name": "Oignon",
      "categoryId": "vegetable",
      "categoryName": "Légume",
      "subDirectory": "vegetables",
      "texture": "onion.png"
    },
    {
      "id": "oxheartcabbage",
      "name": "Chou d'oxheart",
      "categoryId": "vegetable",
      "categoryName": "Légume",
      "subDirectory": "vegetables",
      "texture": "oxheartcabbage.png"
    },
    {
      "id": "oystermushroom",
      "name": "Huîtres",
      "categoryId": "vegetable",
      "categoryName": "Légume",
      "subDirectory": "vegetables",
      "texture": "oystermushroom.png"
    },
    {
      "id": "pakchoi",
      "name": "Pak Choi",
      "categoryId": "vegetable",
      "categoryName": "Légume",
      "subDirectory": "vegetables",
      "texture": "pakchoi.png"
    },
    {
      "id": "parsleyroot",
      "name": "Racine de persil",
      "categoryId": "vegetable",
      "categoryName": "Légume",
      "subDirectory": "vegetables",
      "texture": "parsleyroot.png"
    },
    {
      "id": "parsnip",
      "name": "Panais",
      "categoryId": "vegetable",
      "categoryName": "Légume",
      "subDirectory": "vegetables",
      "texture": "parsnip.png"
    },
    {
      "id": "pea",
      "name": "Pois",
      "categoryId": "vegetable",
      "categoryName": "Légume",
      "subDirectory": "vegetables",
      "texture": "pea.png"
    },
    {
      "id": "pickle",
      "name": "Saumure",
      "categoryId": "vegetable",
      "categoryName": "Légume",
      "subDirectory": "vegetables",
      "texture": "pickle.png"
    },
    {
      "id": "portobellomushroom",
      "name": "Champignon portobello",
      "categoryId": "vegetable",
      "categoryName": "Légume",
      "subDirectory": "vegetables",
      "texture": "portobellomushroom.png"
    },
    {
      "id": "potato",
      "name": "Pomme de terre",
      "categoryId": "vegetable",
      "categoryName": "Légume",
      "subDirectory": "vegetables",
      "texture": "potato.png"
    },
    {
      "id": "pumpkin",
      "name": "Citrouille",
      "categoryId": "vegetable",
      "categoryName": "Légume",
      "subDirectory": "vegetables",
      "texture": "pumpkin.png"
    },
    {
      "id": "purplesproutingbroccoli",
      "name": "Brocoli pourpre",
      "categoryId": "vegetable",
      "categoryName": "Légume",
      "subDirectory": "vegetables",
      "texture": "purplesproutingbroccoli.png"
    },
    {
      "id": "purslane",
      "name": "Purslane",
      "categoryId": "vegetable",
      "categoryName": "Légume",
      "subDirectory": "vegetables",
      "texture": "purslane.png"
    },
    {
      "id": "radicchio",
      "name": "Radicchio",
      "categoryId": "vegetable",
      "categoryName": "Légume",
      "subDirectory": "vegetables",
      "texture": "radicchio.png"
    },
    {
      "id": "radish",
      "name": "Radis",
      "categoryId": "vegetable",
      "categoryName": "Légume",
      "subDirectory": "vegetables",
      "texture": "radish.png"
    },
    {
      "id": "ramson",
      "name": "Ramson",
      "categoryId": "vegetable",
      "categoryName": "Légume",
      "subDirectory": "vegetables",
      "texture": "ramson.png"
    },
    {
      "id": "redchicory",
      "name": "Chicorée rouge",
      "categoryId": "vegetable",
      "categoryName": "Légume",
      "subDirectory": "vegetables",
      "texture": "redchicory.png"
    },
    {
      "id": "redlettuce",
      "name": "Laitue rouge",
      "categoryId": "vegetable",
      "categoryName": "Légume",
      "subDirectory": "vegetables",
      "texture": "redlettuce.png"
    },
    {
      "id": "redoakleaflettuce",
      "name": "Laitue à chêne rouge",
      "categoryId": "vegetable",
      "categoryName": "Légume",
      "subDirectory": "vegetables",
      "texture": "redoakleaflettuce.png"
    },
    {
      "id": "redonion",
      "name": "Oignon rouge",
      "categoryId": "vegetable",
      "categoryName": "Légume",
      "subDirectory": "vegetables",
      "texture": "redonion.png"
    },
    {
      "id": "redonion-stored",
      "name": "Oignon rouge (stocké)",
      "categoryId": "vegetable",
      "categoryName": "Légume",
      "subDirectory": "vegetables",
      "texture": "redonion-stored.png"
    },
    {
      "id": "redradish",
      "name": "Radis rouge",
      "categoryId": "vegetable",
      "categoryName": "Légume",
      "subDirectory": "vegetables",
      "texture": "redradish.png"
    },
    {
      "id": "rhubarb",
      "name": "Rhubarbe",
      "categoryId": "vegetable",
      "categoryName": "Légume",
      "subDirectory": "vegetables",
      "texture": "rhubarb.png"
    },
    {
      "id": "romainelettuce",
      "name": "Laitue romaine",
      "categoryId": "vegetable",
      "categoryName": "Légume",
      "subDirectory": "vegetables",
      "texture": "romainelettuce.png"
    },
    {
      "id": "romanesco",
      "name": "roman",
      "categoryId": "vegetable",
      "categoryName": "Légume",
      "subDirectory": "vegetables",
      "texture": "romanesco.png"
    },
    {
      "id": "rucola",
      "name": "Fusée",
      "categoryId": "vegetable",
      "categoryName": "Légume",
      "subDirectory": "vegetables",
      "texture": "rucola.png"
    },
    {
      "id": "runnerbean",
      "name": "Haricot à rames",
      "categoryId": "vegetable",
      "categoryName": "Légume",
      "subDirectory": "vegetables",
      "texture": "runnerbean.png"
    },
    {
      "id": "rutabaga",
      "name": "Rutabaga",
      "categoryId": "vegetable",
      "categoryName": "Légume",
      "subDirectory": "vegetables",
      "texture": "rutabaga.png"
    },
    {
      "id": "salsify",
      "name": "Secouer",
      "categoryId": "vegetable",
      "categoryName": "Légume",
      "subDirectory": "vegetables",
      "texture": "salsify.png"
    },
    {
      "id": "samphire",
      "name": "Samphire",
      "categoryId": "vegetable",
      "categoryName": "Légume",
      "subDirectory": "vegetables",
      "texture": "samphire.png"
    },
    {
      "id": "savoycabbage",
      "name": "Chou Savoy",
      "categoryId": "vegetable",
      "categoryName": "Légume",
      "subDirectory": "vegetables",
      "texture": "savoycabbage.png"
    },
    {
      "id": "scallion",
      "name": "Oignon verts",
      "categoryId": "vegetable",
      "categoryName": "Légume",
      "subDirectory": "vegetables",
      "texture": "scallion.png"
    },
    {
      "id": "shallot",
      "name": "Échalote",
      "categoryId": "vegetable",
      "categoryName": "Légume",
      "subDirectory": "vegetables",
      "texture": "shallot.png"
    },
    {
      "id": "shiitakemushroom",
      "name": "Champignon shiitake",
      "categoryId": "vegetable",
      "categoryName": "Légume",
      "subDirectory": "vegetables",
      "texture": "shiitakemushroom.png"
    },
    {
      "id": "snappea",
      "name": "Petit pois",
      "categoryId": "vegetable",
      "categoryName": "Légume",
      "subDirectory": "vegetables",
      "texture": "snappea.png"
    },
    {
      "id": "snowpea",
      "name": "Pois de neige",
      "categoryId": "vegetable",
      "categoryName": "Légume",
      "subDirectory": "vegetables",
      "texture": "snowpea.png"
    },
    {
      "id": "sorrel",
      "name": "Oseille",
      "categoryId": "vegetable",
      "categoryName": "Légume",
      "subDirectory": "vegetables",
      "texture": "sorrel.png"
    },
    {
      "id": "soybean",
      "name": "Soja",
      "categoryId": "vegetable",
      "categoryName": "Légume",
      "subDirectory": "vegetables",
      "texture": "soybean.png"
    },
    {
      "id": "spinach",
      "name": "Épinard",
      "categoryId": "vegetable",
      "categoryName": "Légume",
      "subDirectory": "vegetables",
      "texture": "spinach.png"
    },
    {
      "id": "springonion",
      "name": "Oignon de printemps",
      "categoryId": "vegetable",
      "categoryName": "Légume",
      "subDirectory": "vegetables",
      "texture": "springonion.png"
    },
    {
      "id": "squash",
      "name": "Squash",
      "categoryId": "vegetable",
      "categoryName": "Légume",
      "subDirectory": "vegetables",
      "texture": "squash.png"
    },
    {
      "id": "summercabbage",
      "name": "Chou d'été",
      "categoryId": "vegetable",
      "categoryName": "Légume",
      "subDirectory": "vegetables",
      "texture": "summercabbage.png"
    },
    {
      "id": "swede",
      "name": "Suédois",
      "categoryId": "vegetable",
      "categoryName": "Légume",
      "subDirectory": "vegetables",
      "texture": "swede.png"
    },
    {
      "id": "sweetcorn",
      "name": "Maïs doux",
      "categoryId": "vegetable",
      "categoryName": "Légume",
      "subDirectory": "vegetables",
      "texture": "sweetcorn.png"
    },
    {
      "id": "sweetpotato",
      "name": "Patate douce",
      "categoryId": "vegetable",
      "categoryName": "Légume",
      "subDirectory": "vegetables",
      "texture": "sweetpotato.png"
    },
    {
      "id": "swisschard",
      "name": "Bette à carde",
      "categoryId": "vegetable",
      "categoryName": "Légume",
      "subDirectory": "vegetables",
      "texture": "swisschard.png"
    },
    {
      "id": "taro",
      "name": "Taro",
      "categoryId": "vegetable",
      "categoryName": "Légume",
      "subDirectory": "vegetables",
      "texture": "taro.png"
    },
    {
      "id": "tomato",
      "name": "Tomate",
      "categoryId": "vegetable",
      "categoryName": "Légume",
      "subDirectory": "vegetables",
      "texture": "tomato.png"
    },
    {
      "id": "tomato-stored",
      "name": "Tomate (stockée)",
      "categoryId": "vegetable",
      "categoryName": "Légume",
      "subDirectory": "vegetables",
      "texture": "tomato-stored.png"
    },
    {
      "id": "truffleblack",
      "name": "Truffe noire",
      "categoryId": "vegetable",
      "categoryName": "Légume",
      "subDirectory": "vegetables",
      "texture": "truffleblack.png"
    },
    {
      "id": "trufflewhite",
      "name": "Truffe blanche",
      "categoryId": "vegetable",
      "categoryName": "Légume",
      "subDirectory": "vegetables",
      "texture": "trufflewhite.png"
    },
    {
      "id": "turnip",
      "name": "Navet",
      "categoryId": "vegetable",
      "categoryName": "Légume",
      "subDirectory": "vegetables",
      "texture": "turnip.png"
    },
    {
      "id": "watercress",
      "name": "Cresson",
      "categoryId": "vegetable",
      "categoryName": "Légume",
      "subDirectory": "vegetables",
      "texture": "watercress.png"
    },
    {
      "id": "watermelon",
      "name": "Pastèque",
      "categoryId": "vegetable",
      "categoryName": "Légume",
      "subDirectory": "vegetables",
      "texture": "watermelon.png"
    },
    {
      "id": "whiteasparagus",
      "name": "Asperges blanches",
      "categoryId": "vegetable",
      "categoryName": "Légume",
      "subDirectory": "vegetables",
      "texture": "whiteasparagus.png"
    },
    {
      "id": "whitebean",
      "name": "Haricot blanc",
      "categoryId": "vegetable",
      "categoryName": "Légume",
      "subDirectory": "vegetables",
      "texture": "whitebean.png"
    },
    {
      "id": "whitecabbage",
      "name": "Chou blanc",
      "categoryId": "vegetable",
      "categoryName": "Légume",
      "subDirectory": "vegetables",
      "texture": "whitecabbage.png"
    },
    {
      "id": "whiteradish",
      "name": "Radis blanc",
      "categoryId": "vegetable",
      "categoryName": "Légume",
      "subDirectory": "vegetables",
      "texture": "whiteradish.png"
    },
    {
      "id": "wildgarlic",
      "name": "Ail sauvage",
      "categoryId": "vegetable",
      "categoryName": "Légume",
      "subDirectory": "vegetables",
      "texture": "wildgarlic.png"
    },
    {
      "id": "wildgreens",
      "name": "Greens sauvages",
      "categoryId": "vegetable",
      "categoryName": "Légume",
      "subDirectory": "vegetables",
      "texture": "wildgreens.png"
    },
    {
      "id": "wintermelon",
      "name": "Melon d'hiver",
      "categoryId": "vegetable",
      "categoryName": "Légume",
      "subDirectory": "vegetables",
      "texture": "wintermelon.png"
    }
  ]
}