{
  "items": [
    {
      "id": "apple",
      "name": "Apple",
      "categoryId": "fruit",
      "categoryName": "Sadje",
      "subDirectory": "fruits",
      "texture": "apple.png"
    },
    {
      "id": "apricot",
      "name": "Marelica",
      "categoryId": "fruit",
      "categoryName": "Sadje",
      "subDirectory": "fruits",
      "texture": "apricot.png"
    },
    {
      "id": "avocado",
      "name": "Avokado",
      "categoryId": "fruit",
      "categoryName": "Sadje",
      "subDirectory": "fruits",
      "texture": "avocado.png"
    },
    {
      "id": "banana",
      "name": "Banana",
      "categoryId": "fruit",
      "categoryName": "Sadje",
      "subDirectory": "fruits",
      "texture": "banana.png"
    },
    {
      "id": "beetlebean",
      "name": "Beetlebean",
      "categoryId": "vegetable",
      "categoryName": "Zelenjava",
      "subDirectory": "vegetables",
      "texture": "beetlebean.png"
    },
    {
      "id": "bilberry",
      "name": "Boljca",
      "categoryId": "fruit",
      "categoryName": "Sadje",
      "subDirectory": "fruits",
      "texture": "bilberry.png"
    },
    {
      "id": "blackberry",
      "name": "BlackBerry",
      "categoryId": "fruit",
      "categoryName": "Sadje",
      "subDirectory": "fruits",
      "texture": "blackberry.png"
    },
    {
      "id": "blackcurrant",
      "name": "Črni ribet",
      "categoryId": "fruit",
      "categoryName": "Sadje",
      "subDirectory": "fruits",
      "texture": "blackcurrant.png"
    },
    {
      "id": "blackrowan",
      "name": "BlackRowan",
      "categoryId": "fruit",
      "categoryName": "Sadje",
      "subDirectory": "fruits",
      "texture": "blackrowan.png"
    },
    {
      "id": "blackthorn",
      "name": "Blackthorn",
      "categoryId": "fruit",
      "categoryName": "Sadje",
      "subDirectory": "fruits",
      "texture": "blackthorn.png"
    },
    {
      "id": "bloodorange",
      "name": "Krvavi",
      "categoryId": "fruit",
      "categoryName": "Sadje",
      "subDirectory": "fruits",
      "texture": "bloodorange.png"
    },
    {
      "id": "blueberry",
      "name": "Borovnica",
      "categoryId": "fruit",
      "categoryName": "Sadje",
      "subDirectory": "fruits",
      "texture": "blueberry.png"
    },
    {
      "id": "bluehoneysuckleberry",
      "name": "Bluehoneysuckleberry",
      "categoryId": "fruit",
      "categoryName": "Sadje",
      "subDirectory": "fruits",
      "texture": "bluehoneysuckleberry.png"
    },
    {
      "id": "bramleyapple",
      "name": "Bramyapple",
      "categoryId": "fruit",
      "categoryName": "Sadje",
      "subDirectory": "fruits",
      "texture": "bramleyapple.png"
    },
    {
      "id": "carob",
      "name": "Carob",
      "categoryId": "fruit",
      "categoryName": "Sadje",
      "subDirectory": "fruits",
      "texture": "carob.png"
    },
    {
      "id": "cherry",
      "name": "Češnja",
      "categoryId": "fruit",
      "categoryName": "Sadje",
      "subDirectory": "fruits",
      "texture": "cherry.png"
    },
    {
      "id": "cherryplum",
      "name": "Cherryplum",
      "categoryId": "fruit",
      "categoryName": "Sadje",
      "subDirectory": "fruits",
      "texture": "cherryplum.png"
    },
    {
      "id": "chokeberry",
      "name": "Chokeberry",
      "categoryId": "fruit",
      "categoryName": "Sadje",
      "subDirectory": "fruits",
      "texture": "chokeberry.png"
    },
    {
      "id": "citrus",
      "name": "Citrusi",
      "categoryId": "fruit",
      "categoryName": "Sadje",
      "subDirectory": "fruits",
      "texture": "citrus.png"
    },
    {
      "id": "clementine",
      "name": "Clementine",
      "categoryId": "fruit",
      "categoryName": "Sadje",
      "subDirectory": "fruits",
      "texture": "clementine.png"
    },
    {
      "id": "cloudberry",
      "name": "CloudBerry",
      "categoryId": "fruit",
      "categoryName": "Sadje",
      "subDirectory": "fruits",
      "texture": "cloudberry.png"
    },
    {
      "id": "cranberry",
      "name": "Brusnica",
      "categoryId": "fruit",
      "categoryName": "Sadje",
      "subDirectory": "fruits",
      "texture": "cranberry.png"
    },
    {
      "id": "crabapple",
      "name": "Crabapple",
      "categoryId": "fruit",
      "categoryName": "Sadje",
      "subDirectory": "fruits",
      "texture": "crabapple.png"
    },
    {
      "id": "custardapple",
      "name": "Custardapple",
      "categoryId": "fruit",
      "categoryName": "Sadje",
      "subDirectory": "fruits",
      "texture": "custardapple.png"
    },
    {
      "id": "donutpeach",
      "name": "Donutpeach",
      "categoryId": "fruit",
      "categoryName": "Sadje",
      "subDirectory": "fruits",
      "texture": "donutpeach.png"
    },
    {
      "id": "elderberry",
      "name": "Starejša",
      "categoryId": "fruit",
      "categoryName": "Sadje",
      "subDirectory": "fruits",
      "texture": "elderberry.png"
    },
    {
      "id": "fig",
      "name": "Fig",
      "categoryId": "fruit",
      "categoryName": "Sadje",
      "subDirectory": "fruits",
      "texture": "fig.png"
    },
    {
      "id": "gooseberry",
      "name": "Kosmulja",
      "categoryId": "fruit",
      "categoryName": "Sadje",
      "subDirectory": "fruits",
      "texture": "gooseberry.png"
    },
    {
      "id": "grape",
      "name": "Grozdje",
      "categoryId": "fruit",
      "categoryName": "Sadje",
      "subDirectory": "fruits",
      "texture": "grape.png"
    },
    {
      "id": "grapefruit",
      "name": "Grenivka",
      "categoryId": "fruit",
      "categoryName": "Sadje",
      "subDirectory": "fruits",
      "texture": "grapefruit.png"
    },
    {
      "id": "greengage",
      "name": "GreenEngage",
      "categoryId": "fruit",
      "categoryName": "Sadje",
      "subDirectory": "fruits",
      "texture": "greengage.png"
    },
    {
      "id": "guava",
      "name": "Guava",
      "categoryId": "fruit",
      "categoryName": "Sadje",
      "subDirectory": "fruits",
      "texture": "guava.png"
    },
    {
      "id": "jujube",
      "name": "Jujube",
      "categoryId": "fruit",
      "categoryName": "Sadje",
      "subDirectory": "fruits",
      "texture": "jujube.png"
    },
    {
      "id": "kiwi",
      "name": "Kivi",
      "categoryId": "fruit",
      "categoryName": "Sadje",
      "subDirectory": "fruits",
      "texture": "kiwi.png"
    },
    {
      "id": "lemon",
      "name": "Limona",
      "categoryId": "fruit",
      "categoryName": "Sadje",
      "subDirectory": "fruits",
      "texture": "lemon.png"
    },
    {
      "id": "lingonberry",
      "name": "Lingonberry",
      "categoryId": "fruit",
      "categoryName": "Sadje",
      "subDirectory": "fruits",
      "texture": "lingonberry.png"
    },
    {
      "id": "loganberry",
      "name": "Loganberry",
      "categoryId": "fruit",
      "categoryName": "Sadje",
      "subDirectory": "fruits",
      "texture": "loganberry.png"
    },
    {
      "id": "loquat",
      "name": "Zanko",
      "categoryId": "fruit",
      "categoryName": "Sadje",
      "subDirectory": "fruits",
      "texture": "loquat.png"
    },
    {
      "id": "mandarin",
      "name": "Mandarin",
      "categoryId": "fruit",
      "categoryName": "Sadje",
      "subDirectory": "fruits",
      "texture": "mandarin.png"
    },
    {
      "id": "mango",
      "name": "Mango",
      "categoryId": "fruit",
      "categoryName": "Sadje",
      "subDirectory": "fruits",
      "texture": "mango.png"
    },
    {
      "id": "mantorestangerine",
      "name": "Mantorestangerine",
      "categoryId": "fruit",
      "categoryName": "Sadje",
      "subDirectory": "fruits",
      "texture": "mantorestangerine.png"
    },
    {
      "id": "medlar",
      "name": "Medlar",
      "categoryId": "fruit",
      "categoryName": "Sadje",
      "subDirectory": "fruits",
      "texture": "medlar.png"
    },
    {
      "id": "melon",
      "name": "Melona",
      "categoryId": "fruit",
      "categoryName": "Sadje",
      "subDirectory": "fruits",
      "texture": "melon.png"
    },
    {
      "id": "mirabelleplum",
      "name": "Mirabelleplum",
      "categoryId": "fruit",
      "categoryName": "Sadje",
      "subDirectory": "fruits",
      "texture": "mirabelleplum.png"
    },
    {
      "id": "mulberry",
      "name": "Mulberry",
      "categoryId": "fruit",
      "categoryName": "Sadje",
      "subDirectory": "fruits",
      "texture": "mulberry.png"
    },
    {
      "id": "muskmelon",
      "name": "Musskmelon",
      "categoryId": "fruit",
      "categoryName": "Sadje",
      "subDirectory": "fruits",
      "texture": "muskmelon.png"
    },
    {
      "id": "nectarine",
      "name": "Nektarina",
      "categoryId": "fruit",
      "categoryName": "Sadje",
      "subDirectory": "fruits",
      "texture": "nectarine.png"
    },
    {
      "id": "orange",
      "name": "Oranžna",
      "categoryId": "fruit",
      "categoryName": "Sadje",
      "subDirectory": "fruits",
      "texture": "orange.png"
    },
    {
      "id": "papaya",
      "name": "Papaja",
      "categoryId": "fruit",
      "categoryName": "Sadje",
      "subDirectory": "fruits",
      "texture": "papaya.png"
    },
    {
      "id": "peach",
      "name": "Breskev",
      "categoryId": "fruit",
      "categoryName": "Sadje",
      "subDirectory": "fruits",
      "texture": "peach.png"
    },
    {
      "id": "pear",
      "name": "Hruška",
      "categoryId": "fruit",
      "categoryName": "Sadje",
      "subDirectory": "fruits",
      "texture": "pear.png"
    },
    {
      "id": "persimmon",
      "name": "Persimmon",
      "categoryId": "fruit",
      "categoryName": "Sadje",
      "subDirectory": "fruits",
      "texture": "persimmon.png"
    },
    {
      "id": "pineapple",
      "name": "Ananas",
      "categoryId": "fruit",
      "categoryName": "Sadje",
      "subDirectory": "fruits",
      "texture": "pineapple.png"
    },
    {
      "id": "plum",
      "name": "Sliva",
      "categoryId": "fruit",
      "categoryName": "Sadje",
      "subDirectory": "fruits",
      "texture": "plum.png"
    },
    {
      "id": "pomegranate",
      "name": "Granatna jabolka",
      "categoryId": "fruit",
      "categoryName": "Sadje",
      "subDirectory": "fruits",
      "texture": "pomegranate.png"
    },
    {
      "id": "pomelo",
      "name": "Pomelo",
      "categoryId": "fruit",
      "categoryName": "Sadje",
      "subDirectory": "fruits",
      "texture": "pomelo.png"
    },
    {
      "id": "pricklypear",
      "name": "Picklypear",
      "categoryId": "fruit",
      "categoryName": "Sadje",
      "subDirectory": "fruits",
      "texture": "pricklypear.png"
    },
    {
      "id": "prune",
      "name": "PRUNE",
      "categoryId": "fruit",
      "categoryName": "Sadje",
      "subDirectory": "fruits",
      "texture": "prune.png"
    },
    {
      "id": "quince",
      "name": "Quince",
      "categoryId": "fruit",
      "categoryName": "Sadje",
      "subDirectory": "fruits",
      "texture": "quince.png"
    },
    {
      "id": "raspberry",
      "name": "Malina",
      "categoryId": "fruit",
      "categoryName": "Sadje",
      "subDirectory": "fruits",
      "texture": "raspberry.png"
    },
    {
      "id": "redberry",
      "name": "REDBERBERRY",
      "categoryId": "fruit",
      "categoryName": "Sadje",
      "subDirectory": "fruits",
      "texture": "redberry.png"
    },
    {
      "id": "redcurrant",
      "name": "Redcurrant",
      "categoryId": "fruit",
      "categoryName": "Sadje",
      "subDirectory": "fruits",
      "texture": "redcurrant.png"
    },
    {
      "id": "seabuckthorn",
      "name": "Seabuckthorn",
      "categoryId": "fruit",
      "categoryName": "Sadje",
      "subDirectory": "fruits",
      "texture": "seabuckthorn.png"
    },
    {
      "id": "strawberry",
      "name": "Jagoda",
      "categoryId": "fruit",
      "categoryName": "Sadje",
      "subDirectory": "fruits",
      "texture": "strawberry.png"
    },
    {
      "id": "summerapple",
      "name": "SummerApple",
      "categoryId": "fruit",
      "categoryName": "Sadje",
      "subDirectory": "fruits",
      "texture": "summerapple.png"
    },
    {
      "id": "summerorange",
      "name": "Sleamrorange",
      "categoryId": "fruit",
      "categoryName": "Sadje",
      "subDirectory": "fruits",
      "texture": "summerorange.png"
    },
    {
      "id": "tangerine",
      "name": "Mandarina",
      "categoryId": "fruit",
      "categoryName": "Sadje",
      "subDirectory": "fruits",
      "texture": "tangerine.png"
    },
    {
      "id": "tayberry",
      "name": "Tayberry",
      "categoryId": "fruit",
      "categoryName": "Sadje",
      "subDirectory": "fruits",
      "texture": "tayberry.png"
    },
    {
      "id": "watermelon",
      "name": "Lubenica",
      "categoryId": "fruit",
      "categoryName": "Sadje",
      "subDirectory": "fruits",
      "texture": "watermelon.png"
    },
    {
      "id": "whitecurrant",
      "name": "Whitecurrant",
      "categoryId": "fruit",
      "categoryName": "Sadje",
      "subDirectory": "fruits",
      "texture": "whitecurrant.png"
    },
    {
      "id": "whitemulberry",
      "name": "Whitemulberry",
      "categoryId": "fruit",
      "categoryName": "Sadje",
      "subDirectory": "fruits",
      "texture": "whitemulberry.png"
    },
    {
      "id": "winterapple",
      "name": "WinterApple",
      "categoryId": "fruit",
      "categoryName": "Sadje",
      "subDirectory": "fruits",
      "texture": "winterapple.png"
    },
    {
      "id": "artichoke",
      "name": "Artičoka",
      "categoryId": "vegetable",
      "categoryName": "Zelenjava",
      "subDirectory": "vegetables",
      "texture": "artichoke.png"
    },
    {
      "id": "arugula",
      "name": "RAZPOLOŽLJIVA",
      "categoryId": "vegetable",
      "categoryName": "Zelenjava",
      "subDirectory": "vegetables",
      "texture": "arugula.png"
    },
    {
      "id": "asparagus",
      "name": "Šparglji",
      "categoryId": "vegetable",
      "categoryName": "Zelenjava",
      "subDirectory": "vegetables",
      "texture": "asparagus.png"
    },
    {
      "id": "aubergine",
      "name": "Jajbergin",
      "categoryId": "vegetable",
      "categoryName": "Zelenjava",
      "subDirectory": "vegetables",
      "texture": "aubergine.png"
    },
    {
      "id": "batavialettuce",
      "name": "Batavia Solata",
      "categoryId": "vegetable",
      "categoryName": "Zelenjava",
      "subDirectory": "vegetables",
      "texture": "batavialettuce.png"
    },
    {
      "id": "bayboletemushroom",
      "name": "Bay Bolete goba",
      "categoryId": "vegetable",
      "categoryName": "Zelenjava",
      "subDirectory": "vegetables",
      "texture": "bayboletemushroom.png"
    },
    {
      "id": "bean",
      "name": "Fižol",
      "categoryId": "vegetable",
      "categoryName": "Zelenjava",
      "subDirectory": "vegetables",
      "texture": "bean.png"
    },
    {
      "id": "beechhatmushroom",
      "name": "Gobe ​​iz bukovega klobuka",
      "categoryId": "vegetable",
      "categoryName": "Zelenjava",
      "subDirectory": "vegetables",
      "texture": "beechhatmushroom.png"
    },
    {
      "id": "beetlebean",
      "name": "Beetle fižol",
      "categoryId": "vegetable",
      "categoryName": "Zelenjava",
      "subDirectory": "vegetables",
      "texture": "beetlebean.png"
    },
    {
      "id": "beetroot",
      "name": "Pesa",
      "categoryId": "vegetable",
      "categoryName": "Zelenjava",
      "subDirectory": "vegetables",
      "texture": "beetroot.png"
    },
    {
      "id": "bellpepper",
      "name": "Beli poper",
      "categoryId": "vegetable",
      "categoryName": "Zelenjava",
      "subDirectory": "vegetables",
      "texture": "bellpepper.png"
    },
    {
      "id": "blackbean",
      "name": "Črni fižol",
      "categoryId": "vegetable",
      "categoryName": "Zelenjava",
      "subDirectory": "vegetables",
      "texture": "blackbean.png"
    },
    {
      "id": "blackeyedpea",
      "name": "Črnooki grah",
      "categoryId": "vegetable",
      "categoryName": "Zelenjava",
      "subDirectory": "vegetables",
      "texture": "blackeyedpea.png"
    },
    {
      "id": "blackradish",
      "name": "Črna redkev",
      "categoryId": "vegetable",
      "categoryName": "Zelenjava",
      "subDirectory": "vegetables",
      "texture": "blackradish.png"
    },
    {
      "id": "boletusmushroom",
      "name": "Boletus goba",
      "categoryId": "vegetable",
      "categoryName": "Zelenjava",
      "subDirectory": "vegetables",
      "texture": "boletusmushroom.png"
    },
    {
      "id": "broadbean",
      "name": "Široki fižol",
      "categoryId": "vegetable",
      "categoryName": "Zelenjava",
      "subDirectory": "vegetables",
      "texture": "broadbean.png"
    },
    {
      "id": "broccolini",
      "name": "Brokoli",
      "categoryId": "vegetable",
      "categoryName": "Zelenjava",
      "subDirectory": "vegetables",
      "texture": "broccolini.png"
    },
    {
      "id": "broccoli",
      "name": "Brokoli",
      "categoryId": "vegetable",
      "categoryName": "Zelenjava",
      "subDirectory": "vegetables",
      "texture": "broccoli.png"
    },
    {
      "id": "brownbean",
      "name": "Rjavi fižol",
      "categoryId": "vegetable",
      "categoryName": "Zelenjava",
      "subDirectory": "vegetables",
      "texture": "brownbean.png"
    },
    {
      "id": "brusselssprout",
      "name": "Bruseljski kalček",
      "categoryId": "vegetable",
      "categoryName": "Zelenjava",
      "subDirectory": "vegetables",
      "texture": "brusselssprout.png"
    },
    {
      "id": "butternutsquash",
      "name": "Butternut bučk",
      "categoryId": "vegetable",
      "categoryName": "Zelenjava",
      "subDirectory": "vegetables",
      "texture": "butternutsquash.png"
    },
    {
      "id": "cabbage",
      "name": "Zelje",
      "categoryId": "vegetable",
      "categoryName": "Zelenjava",
      "subDirectory": "vegetables",
      "texture": "cabbage.png"
    },
    {
      "id": "cardoon",
      "name": "Kartona",
      "categoryId": "vegetable",
      "categoryName": "Zelenjava",
      "subDirectory": "vegetables",
      "texture": "cardoon.png"
    },
    {
      "id": "carrot",
      "name": "Korenček",
      "categoryId": "vegetable",
      "categoryName": "Zelenjava",
      "subDirectory": "vegetables",
      "texture": "carrot.png"
    },
    {
      "id": "catalognapuntarelle",
      "name": "Katalonija Puntarelle",
      "categoryId": "vegetable",
      "categoryName": "Zelenjava",
      "subDirectory": "vegetables",
      "texture": "catalognapuntarelle.png"
    },
    {
      "id": "cauliflower",
      "name": "Cvetača",
      "categoryId": "vegetable",
      "categoryName": "Zelenjava",
      "subDirectory": "vegetables",
      "texture": "cauliflower.png"
    },
    {
      "id": "cavolonero",
      "name": "Črno zelje",
      "categoryId": "vegetable",
      "categoryName": "Zelenjava",
      "subDirectory": "vegetables",
      "texture": "cavolonero.png"
    },
    {
      "id": "celeriac",
      "name": "Celerija",
      "categoryId": "vegetable",
      "categoryName": "Zelenjava",
      "subDirectory": "vegetables",
      "texture": "celeriac.png"
    },
    {
      "id": "celery",
      "name": "Zelena",
      "categoryId": "vegetable",
      "categoryName": "Zelenjava",
      "subDirectory": "vegetables",
      "texture": "celery.png"
    },
    {
      "id": "chanterellemushroom",
      "name": "Goba Chanterelle",
      "categoryId": "vegetable",
      "categoryName": "Zelenjava",
      "subDirectory": "vegetables",
      "texture": "chanterellemushroom.png"
    },
    {
      "id": "chard",
      "name": "Chard",
      "categoryId": "vegetable",
      "categoryName": "Zelenjava",
      "subDirectory": "vegetables",
      "texture": "chard.png"
    },
    {
      "id": "chayote",
      "name": "Chayote",
      "categoryId": "vegetable",
      "categoryName": "Zelenjava",
      "subDirectory": "vegetables",
      "texture": "chayote.png"
    },
    {
      "id": "chicory",
      "name": "Chicory",
      "categoryId": "vegetable",
      "categoryName": "Zelenjava",
      "subDirectory": "vegetables",
      "texture": "chicory.png"
    },
    {
      "id": "chili",
      "name": "Čili",
      "categoryId": "vegetable",
      "categoryName": "Zelenjava",
      "subDirectory": "vegetables",
      "texture": "chili.png"
    },
    {
      "id": "chinesecabbage",
      "name": "Kitajsko zelje",
      "categoryId": "vegetable",
      "categoryName": "Zelenjava",
      "subDirectory": "vegetables",
      "texture": "chinesecabbage.png"
    },
    {
      "id": "courgette",
      "name": "Coursette",
      "categoryId": "vegetable",
      "categoryName": "Zelenjava",
      "subDirectory": "vegetables",
      "texture": "courgette.png"
    },
    {
      "id": "cress",
      "name": "Krša",
      "categoryId": "vegetable",
      "categoryName": "Zelenjava",
      "subDirectory": "vegetables",
      "texture": "cress.png"
    },
    {
      "id": "cucumber",
      "name": "Kumara",
      "categoryId": "vegetable",
      "categoryName": "Zelenjava",
      "subDirectory": "vegetables",
      "texture": "cucumber.png"
    },
    {
      "id": "curlyendive",
      "name": "Curly endive",
      "categoryId": "vegetable",
      "categoryName": "Zelenjava",
      "subDirectory": "vegetables",
      "texture": "curlyendive.png"
    },
    {
      "id": "emperormushroom",
      "name": "Cesarska goba",
      "categoryId": "vegetable",
      "categoryName": "Zelenjava",
      "subDirectory": "vegetables",
      "texture": "emperormushroom.png"
    },
    {
      "id": "endive",
      "name": "Endive",
      "categoryId": "vegetable",
      "categoryName": "Zelenjava",
      "subDirectory": "vegetables",
      "texture": "endive.png"
    },
    {
      "id": "enokimushroom",
      "name": "Enoki goba",
      "categoryId": "vegetable",
      "categoryName": "Zelenjava",
      "subDirectory": "vegetables",
      "texture": "enokimushroom.png"
    },
    {
      "id": "fennel",
      "name": "Koromač",
      "categoryId": "vegetable",
      "categoryName": "Zelenjava",
      "subDirectory": "vegetables",
      "texture": "fennel.png"
    },
    {
      "id": "firebean",
      "name": "Požarni fižol",
      "categoryId": "vegetable",
      "categoryName": "Zelenjava",
      "subDirectory": "vegetables",
      "texture": "firebean.png"
    },
    {
      "id": "frillicelettuce",
      "name": "Frilice Solata",
      "categoryId": "vegetable",
      "categoryName": "Zelenjava",
      "subDirectory": "vegetables",
      "texture": "frillicelettuce.png"
    },
    {
      "id": "friseelettuce",
      "name": "Frisee Solata",
      "categoryId": "vegetable",
      "categoryName": "Zelenjava",
      "subDirectory": "vegetables",
      "texture": "friseelettuce.png"
    },
    {
      "id": "friseline",
      "name": "Friseline",
      "categoryId": "vegetable",
      "categoryName": "Zelenjava",
      "subDirectory": "vegetables",
      "texture": "friseline.png"
    },
    {
      "id": "gardenorache",
      "name": "Vrtni orache",
      "categoryId": "vegetable",
      "categoryName": "Zelenjava",
      "subDirectory": "vegetables",
      "texture": "gardenorache.png"
    },
    {
      "id": "gardenpatience",
      "name": "Vrtno potrpljenje",
      "categoryId": "vegetable",
      "categoryName": "Zelenjava",
      "subDirectory": "vegetables",
      "texture": "gardenpatience.png"
    },
    {
      "id": "garlic",
      "name": "Česen",
      "categoryId": "vegetable",
      "categoryName": "Zelenjava",
      "subDirectory": "vegetables",
      "texture": "garlic.png"
    },
    {
      "id": "gherkin",
      "name": "Gherkin",
      "categoryId": "vegetable",
      "categoryName": "Zelenjava",
      "subDirectory": "vegetables",
      "texture": "gherkin.png"
    },
    {
      "id": "grape",
      "name": "Grozdje",
      "categoryId": "vegetable",
      "categoryName": "Zelenjava",
      "subDirectory": "vegetables",
      "texture": "grape.png"
    },
    {
      "id": "greenamaranth",
      "name": "Zeleni amarant",
      "categoryId": "vegetable",
      "categoryName": "Zelenjava",
      "subDirectory": "vegetables",
      "texture": "greenamaranth.png"
    },
    {
      "id": "greenbean",
      "name": "Zeleni fižol",
      "categoryId": "vegetable",
      "categoryName": "Zelenjava",
      "subDirectory": "vegetables",
      "texture": "greenbean.png"
    },
    {
      "id": "greenbellpepper",
      "name": "Zelena paprika",
      "categoryId": "vegetable",
      "categoryName": "Zelenjava",
      "subDirectory": "vegetables",
      "texture": "greenbellpepper.png"
    },
    {
      "id": "haricotbean",
      "name": "Haricot Bean",
      "categoryId": "vegetable",
      "categoryName": "Zelenjava",
      "subDirectory": "vegetables",
      "texture": "haricotbean.png"
    },
    {
      "id": "heartoflettuce",
      "name": "Srce solate",
      "categoryId": "vegetable",
      "categoryName": "Zelenjava",
      "subDirectory": "vegetables",
      "texture": "heartoflettuce.png"
    },
    {
      "id": "horseradish",
      "name": "Hrenov",
      "categoryId": "vegetable",
      "categoryName": "Zelenjava",
      "subDirectory": "vegetables",
      "texture": "horseradish.png"
    },
    {
      "id": "iceberglettuce",
      "name": "Ledena solata",
      "categoryId": "vegetable",
      "categoryName": "Zelenjava",
      "subDirectory": "vegetables",
      "texture": "iceberglettuce.png"
    },
    {
      "id": "jerusalemartichoke",
      "name": "Jeruzalemska artičoka",
      "categoryId": "vegetable",
      "categoryName": "Zelenjava",
      "subDirectory": "vegetables",
      "texture": "jerusalemartichoke.png"
    },
    {
      "id": "kale",
      "name": "Ohrovt",
      "categoryId": "vegetable",
      "categoryName": "Zelenjava",
      "subDirectory": "vegetables",
      "texture": "kale.png"
    },
    {
      "id": "kalette",
      "name": "Tele",
      "categoryId": "vegetable",
      "categoryName": "Zelenjava",
      "subDirectory": "vegetables",
      "texture": "kalette.png"
    },
    {
      "id": "kidneybean",
      "name": "Ledvični fižol",
      "categoryId": "vegetable",
      "categoryName": "Zelenjava",
      "subDirectory": "vegetables",
      "texture": "kidneybean.png"
    },
    {
      "id": "kohlrabi",
      "name": "Kohlrabi",
      "categoryId": "vegetable",
      "categoryName": "Zelenjava",
      "subDirectory": "vegetables",
      "texture": "kohlrabi.png"
    },
    {
      "id": "lambslettuce",
      "name": "Jagnjeta solata",
      "categoryId": "vegetable",
      "categoryName": "Zelenjava",
      "subDirectory": "vegetables",
      "texture": "lambslettuce.png"
    },
    {
      "id": "leek",
      "name": "Por",
      "categoryId": "vegetable",
      "categoryName": "Zelenjava",
      "subDirectory": "vegetables",
      "texture": "leek.png"
    },
    {
      "id": "lettuce",
      "name": "Solata",
      "categoryId": "vegetable",
      "categoryName": "Zelenjava",
      "subDirectory": "vegetables",
      "texture": "lettuce.png"
    },
    {
      "id": "lollobiondalettuce",
      "name": "Ohlapna blond obloga",
      "categoryId": "vegetable",
      "categoryName": "Zelenjava",
      "subDirectory": "vegetables",
      "texture": "lollobiondalettuce.png"
    },
    {
      "id": "lollorossolettuce",
      "name": "Lollo Red Read",
      "categoryId": "vegetable",
      "categoryName": "Zelenjava",
      "subDirectory": "vegetables",
      "texture": "lollorossolettuce.png"
    },
    {
      "id": "lovage",
      "name": "Ljubezen",
      "categoryId": "vegetable",
      "categoryName": "Zelenjava",
      "subDirectory": "vegetables",
      "texture": "lovage.png"
    },
    {
      "id": "mangetout",
      "name": "Mange-tout",
      "categoryId": "vegetable",
      "categoryName": "Zelenjava",
      "subDirectory": "vegetables",
      "texture": "mangetout.png"
    },
    {
      "id": "mangold",
      "name": "Mangold",
      "categoryId": "vegetable",
      "categoryName": "Zelenjava",
      "subDirectory": "vegetables",
      "texture": "mangold.png"
    },
    {
      "id": "marrow",
      "name": "Mozeg",
      "categoryId": "vegetable",
      "categoryName": "Zelenjava",
      "subDirectory": "vegetables",
      "texture": "marrow.png"
    },
    {
      "id": "melon",
      "name": "Melona",
      "categoryId": "vegetable",
      "categoryName": "Zelenjava",
      "subDirectory": "vegetables",
      "texture": "melon.png"
    },
    {
      "id": "morel",
      "name": "Morel",
      "categoryId": "vegetable",
      "categoryName": "Zelenjava",
      "subDirectory": "vegetables",
      "texture": "morel.png"
    },
    {
      "id": "mushroom",
      "name": "Goba",
      "categoryId": "vegetable",
      "categoryName": "Zelenjava",
      "subDirectory": "vegetables",
      "texture": "mushroom.png"
    },
    {
      "id": "newpotato",
      "name": "Nov krompir",
      "categoryId": "vegetable",
      "categoryName": "Zelenjava",
      "subDirectory": "vegetables",
      "texture": "newpotato.png"
    },
    {
      "id": "oakleaflettuce",
      "name": "Solata iz hrasta",
      "categoryId": "vegetable",
      "categoryName": "Zelenjava",
      "subDirectory": "vegetables",
      "texture": "oakleaflettuce.png"
    },
    {
      "id": "okra",
      "name": "Okra",
      "categoryId": "vegetable",
      "categoryName": "Zelenjava",
      "subDirectory": "vegetables",
      "texture": "okra.png"
    },
    {
      "id": "olive",
      "name": "Oljk",
      "categoryId": "vegetable",
      "categoryName": "Zelenjava",
      "subDirectory": "vegetables",
      "texture": "olive.png"
    },
    {
      "id": "onion",
      "name": "Čebula",
      "categoryId": "vegetable",
      "categoryName": "Zelenjava",
      "subDirectory": "vegetables",
      "texture": "onion.png"
    },
    {
      "id": "oxheartcabbage",
      "name": "Oxheart zelje",
      "categoryId": "vegetable",
      "categoryName": "Zelenjava",
      "subDirectory": "vegetables",
      "texture": "oxheartcabbage.png"
    },
    {
      "id": "oystermushroom",
      "name": "Ostrige",
      "categoryId": "vegetable",
      "categoryName": "Zelenjava",
      "subDirectory": "vegetables",
      "texture": "oystermushroom.png"
    },
    {
      "id": "pakchoi",
      "name": "Pak choi",
      "categoryId": "vegetable",
      "categoryName": "Zelenjava",
      "subDirectory": "vegetables",
      "texture": "pakchoi.png"
    },
    {
      "id": "parsleyroot",
      "name": "Koren peteršilja",
      "categoryId": "vegetable",
      "categoryName": "Zelenjava",
      "subDirectory": "vegetables",
      "texture": "parsleyroot.png"
    },
    {
      "id": "parsnip",
      "name": "Parsnip",
      "categoryId": "vegetable",
      "categoryName": "Zelenjava",
      "subDirectory": "vegetables",
      "texture": "parsnip.png"
    },
    {
      "id": "pea",
      "name": "Grah",
      "categoryId": "vegetable",
      "categoryName": "Zelenjava",
      "subDirectory": "vegetables",
      "texture": "pea.png"
    },
    {
      "id": "pickle",
      "name": "Kumarica",
      "categoryId": "vegetable",
      "categoryName": "Zelenjava",
      "subDirectory": "vegetables",
      "texture": "pickle.png"
    },
    {
      "id": "portobellomushroom",
      "name": "Goba Portobello",
      "categoryId": "vegetable",
      "categoryName": "Zelenjava",
      "subDirectory": "vegetables",
      "texture": "portobellomushroom.png"
    },
    {
      "id": "potato",
      "name": "Krompir",
      "categoryId": "vegetable",
      "categoryName": "Zelenjava",
      "subDirectory": "vegetables",
      "texture": "potato.png"
    },
    {
      "id": "pumpkin",
      "name": "Buča",
      "categoryId": "vegetable",
      "categoryName": "Zelenjava",
      "subDirectory": "vegetables",
      "texture": "pumpkin.png"
    },
    {
      "id": "purplesproutingbroccoli",
      "name": "Vijolični poželeči brokoli",
      "categoryId": "vegetable",
      "categoryName": "Zelenjava",
      "subDirectory": "vegetables",
      "texture": "purplesproutingbroccoli.png"
    },
    {
      "id": "purslane",
      "name": "Purslane",
      "categoryId": "vegetable",
      "categoryName": "Zelenjava",
      "subDirectory": "vegetables",
      "texture": "purslane.png"
    },
    {
      "id": "radicchio",
      "name": "Radicchio",
      "categoryId": "vegetable",
      "categoryName": "Zelenjava",
      "subDirectory": "vegetables",
      "texture": "radicchio.png"
    },
    {
      "id": "radish",
      "name": "Redkvica",
      "categoryId": "vegetable",
      "categoryName": "Zelenjava",
      "subDirectory": "vegetables",
      "texture": "radish.png"
    },
    {
      "id": "ramson",
      "name": "Ramson",
      "categoryId": "vegetable",
      "categoryName": "Zelenjava",
      "subDirectory": "vegetables",
      "texture": "ramson.png"
    },
    {
      "id": "redchicory",
      "name": "Rdeči šikori",
      "categoryId": "vegetable",
      "categoryName": "Zelenjava",
      "subDirectory": "vegetables",
      "texture": "redchicory.png"
    },
    {
      "id": "redlettuce",
      "name": "Rdeča solata",
      "categoryId": "vegetable",
      "categoryName": "Zelenjava",
      "subDirectory": "vegetables",
      "texture": "redlettuce.png"
    },
    {
      "id": "redoakleaflettuce",
      "name": "Rdeča solata iz rdečega hrastov",
      "categoryId": "vegetable",
      "categoryName": "Zelenjava",
      "subDirectory": "vegetables",
      "texture": "redoakleaflettuce.png"
    },
    {
      "id": "redonion",
      "name": "Rdeča čebula",
      "categoryId": "vegetable",
      "categoryName": "Zelenjava",
      "subDirectory": "vegetables",
      "texture": "redonion.png"
    },
    {
      "id": "redonion-stored",
      "name": "Rdeča čebula (shranjena)",
      "categoryId": "vegetable",
      "categoryName": "Zelenjava",
      "subDirectory": "vegetables",
      "texture": "redonion-stored.png"
    },
    {
      "id": "redradish",
      "name": "Rdeča redkvica",
      "categoryId": "vegetable",
      "categoryName": "Zelenjava",
      "subDirectory": "vegetables",
      "texture": "redradish.png"
    },
    {
      "id": "rhubarb",
      "name": "Rabarbara",
      "categoryId": "vegetable",
      "categoryName": "Zelenjava",
      "subDirectory": "vegetables",
      "texture": "rhubarb.png"
    },
    {
      "id": "romainelettuce",
      "name": "Romainska solata",
      "categoryId": "vegetable",
      "categoryName": "Zelenjava",
      "subDirectory": "vegetables",
      "texture": "romainelettuce.png"
    },
    {
      "id": "romanesco",
      "name": "Romanesque",
      "categoryId": "vegetable",
      "categoryName": "Zelenjava",
      "subDirectory": "vegetables",
      "texture": "romanesco.png"
    },
    {
      "id": "rucola",
      "name": "Raketa",
      "categoryId": "vegetable",
      "categoryName": "Zelenjava",
      "subDirectory": "vegetables",
      "texture": "rucola.png"
    },
    {
      "id": "runnerbean",
      "name": "Tekač fižol",
      "categoryId": "vegetable",
      "categoryName": "Zelenjava",
      "subDirectory": "vegetables",
      "texture": "runnerbean.png"
    },
    {
      "id": "rutabaga",
      "name": "Rutabaga",
      "categoryId": "vegetable",
      "categoryName": "Zelenjava",
      "subDirectory": "vegetables",
      "texture": "rutabaga.png"
    },
    {
      "id": "salsify",
      "name": "Salsify",
      "categoryId": "vegetable",
      "categoryName": "Zelenjava",
      "subDirectory": "vegetables",
      "texture": "salsify.png"
    },
    {
      "id": "samphire",
      "name": "Samphire",
      "categoryId": "vegetable",
      "categoryName": "Zelenjava",
      "subDirectory": "vegetables",
      "texture": "samphire.png"
    },
    {
      "id": "savoycabbage",
      "name": "Savoy zelje",
      "categoryId": "vegetable",
      "categoryName": "Zelenjava",
      "subDirectory": "vegetables",
      "texture": "savoycabbage.png"
    },
    {
      "id": "scallion",
      "name": "Lupinica",
      "categoryId": "vegetable",
      "categoryName": "Zelenjava",
      "subDirectory": "vegetables",
      "texture": "scallion.png"
    },
    {
      "id": "shallot",
      "name": "Melotko",
      "categoryId": "vegetable",
      "categoryName": "Zelenjava",
      "subDirectory": "vegetables",
      "texture": "shallot.png"
    },
    {
      "id": "shiitakemushroom",
      "name": "Shiitake goba",
      "categoryId": "vegetable",
      "categoryName": "Zelenjava",
      "subDirectory": "vegetables",
      "texture": "shiitakemushroom.png"
    },
    {
      "id": "snappea",
      "name": "Snap grah",
      "categoryId": "vegetable",
      "categoryName": "Zelenjava",
      "subDirectory": "vegetables",
      "texture": "snappea.png"
    },
    {
      "id": "snowpea",
      "name": "Snežni grah",
      "categoryId": "vegetable",
      "categoryName": "Zelenjava",
      "subDirectory": "vegetables",
      "texture": "snowpea.png"
    },
    {
      "id": "sorrel",
      "name": "Kislica",
      "categoryId": "vegetable",
      "categoryName": "Zelenjava",
      "subDirectory": "vegetables",
      "texture": "sorrel.png"
    },
    {
      "id": "soybean",
      "name": "Soja",
      "categoryId": "vegetable",
      "categoryName": "Zelenjava",
      "subDirectory": "vegetables",
      "texture": "soybean.png"
    },
    {
      "id": "spinach",
      "name": "Špinača",
      "categoryId": "vegetable",
      "categoryName": "Zelenjava",
      "subDirectory": "vegetables",
      "texture": "spinach.png"
    },
    {
      "id": "springonion",
      "name": "Pomladna čebula",
      "categoryId": "vegetable",
      "categoryName": "Zelenjava",
      "subDirectory": "vegetables",
      "texture": "springonion.png"
    },
    {
      "id": "squash",
      "name": "Squash",
      "categoryId": "vegetable",
      "categoryName": "Zelenjava",
      "subDirectory": "vegetables",
      "texture": "squash.png"
    },
    {
      "id": "summercabbage",
      "name": "Poletno zelje",
      "categoryId": "vegetable",
      "categoryName": "Zelenjava",
      "subDirectory": "vegetables",
      "texture": "summercabbage.png"
    },
    {
      "id": "swede",
      "name": "Švedi",
      "categoryId": "vegetable",
      "categoryName": "Zelenjava",
      "subDirectory": "vegetables",
      "texture": "swede.png"
    },
    {
      "id": "sweetcorn",
      "name": "Sladka koruza",
      "categoryId": "vegetable",
      "categoryName": "Zelenjava",
      "subDirectory": "vegetables",
      "texture": "sweetcorn.png"
    },
    {
      "id": "sweetpotato",
      "name": "Sladki krompir",
      "categoryId": "vegetable",
      "categoryName": "Zelenjava",
      "subDirectory": "vegetables",
      "texture": "sweetpotato.png"
    },
    {
      "id": "swisschard",
      "name": "Švicarski chard",
      "categoryId": "vegetable",
      "categoryName": "Zelenjava",
      "subDirectory": "vegetables",
      "texture": "swisschard.png"
    },
    {
      "id": "taro",
      "name": "Taro",
      "categoryId": "vegetable",
      "categoryName": "Zelenjava",
      "subDirectory": "vegetables",
      "texture": "taro.png"
    },
    {
      "id": "tomato",
      "name": "Paradižnik",
      "categoryId": "vegetable",
      "categoryName": "Zelenjava",
      "subDirectory": "vegetables",
      "texture": "tomato.png"
    },
    {
      "id": "tomato-stored",
      "name": "Paradižnik (shranjeno)",
      "categoryId": "vegetable",
      "categoryName": "Zelenjava",
      "subDirectory": "vegetables",
      "texture": "tomato-stored.png"
    },
    {
      "id": "truffleblack",
      "name": "Črni tartuf",
      "categoryId": "vegetable",
      "categoryName": "Zelenjava",
      "subDirectory": "vegetables",
      "texture": "truffleblack.png"
    },
    {
      "id": "trufflewhite",
      "name": "Beli tartuf",
      "categoryId": "vegetable",
      "categoryName": "Zelenjava",
      "subDirectory": "vegetables",
      "texture": "trufflewhite.png"
    },
    {
      "id": "turnip",
      "name": "Repa",
      "categoryId": "vegetable",
      "categoryName": "Zelenjava",
      "subDirectory": "vegetables",
      "texture": "turnip.png"
    },
    {
      "id": "watercress",
      "name": "Vodna kreša",
      "categoryId": "vegetable",
      "categoryName": "Zelenjava",
      "subDirectory": "vegetables",
      "texture": "watercress.png"
    },
    {
      "id": "watermelon",
      "name": "Lubenica",
      "categoryId": "vegetable",
      "categoryName": "Zelenjava",
      "subDirectory": "vegetables",
      "texture": "watermelon.png"
    },
    {
      "id": "whiteasparagus",
      "name": "Beli šparglji",
      "categoryId": "vegetable",
      "categoryName": "Zelenjava",
      "subDirectory": "vegetables",
      "texture": "whiteasparagus.png"
    },
    {
      "id": "whitebean",
      "name": "Beli fižol",
      "categoryId": "vegetable",
      "categoryName": "Zelenjava",
      "subDirectory": "vegetables",
      "texture": "whitebean.png"
    },
    {
      "id": "whitecabbage",
      "name": "Belo zelje",
      "categoryId": "vegetable",
      "categoryName": "Zelenjava",
      "subDirectory": "vegetables",
      "texture": "whitecabbage.png"
    },
    {
      "id": "whiteradish",
      "name": "Bela redkvica",
      "categoryId": "vegetable",
      "categoryName": "Zelenjava",
      "subDirectory": "vegetables",
      "texture": "whiteradish.png"
    },
    {
      "id": "wildgarlic",
      "name": "Divji česen",
      "categoryId": "vegetable",
      "categoryName": "Zelenjava",
      "subDirectory": "vegetables",
      "texture": "wildgarlic.png"
    },
    {
      "id": "wildgreens",
      "name": "Divja zelena",
      "categoryId": "vegetable",
      "categoryName": "Zelenjava",
      "subDirectory": "vegetables",
      "texture": "wildgreens.png"
    },
    {
      "id": "wintermelon",
      "name": "Zimska melona",
      "categoryId": "vegetable",
      "categoryName": "Zelenjava",
      "subDirectory": "vegetables",
      "texture": "wintermelon.png"
    }
  ]
}