{
  "themes": [
    {
      "id": 1,
      "levels": [
        {
          "id": 1,
          "items": [
            {
              "id": "apple",
              "target": true
            },
            {
              "id": "avocado",
              "target": true
            },
            {
              "id": "peach",
              "target": true
            },
            {
              "id": "blackberry",
              "target": true
            },
            {
              "id": "blackrowan",
              "target": true
            },
            {
              "id": "bloodorange",
              "target": true
            },
            {
              "id": "wintermelon",
              "target": false
            },
            {
              "id": "wildgarlic",
              "target": false
            },
            {
              "id": "whitecabbage",
              "target": false
            },
            {
              "id": "whiteasparagus",
              "target": false
            },
            {
              "id": "watercress",
              "target": false
            },
            {
              "id": "trufflewhite",
              "target": false
            }
          ]
        },
        {
          "id": 2,
          "items": [
            {
              "id": "apple",
              "target": false
            },
            {
              "id": "avocado",
              "target": false
            },
            {
              "id": "peach",
              "target": false
            },
            {
              "id": "blackberry",
              "target": false
            },
            {
              "id": "blackrowan",
              "target": false
            },
            {
              "id": "bloodorange",
              "target": false
            },
            {
              "id": "wintermelon",
              "target": true
            },
            {
              "id": "wildgarlic",
              "target": true
            },
            {
              "id": "whitecabbage",
              "target": true
            },
            {
              "id": "whiteasparagus",
              "target": true
            },
            {
              "id": "watercress",
              "target": true
            },
            {
              "id": "trufflewhite",
              "target": true
            }
          ]
        },
        {
          "id": 3,
          "items": [
            {
              "id": "apple",
              "target": true
            },
            {
              "id": "avocado",
              "target": false
            },
            {
              "id": "peach",
              "target": true
            },
            {
              "id": "blackberry",
              "target": false
            },
            {
              "id": "blackrowan",
              "target": false
            },
            {
              "id": "bloodorange",
              "target": true
            },
            {
              "id": "radish",
              "target": true
            },
            {
              "id": "wintermelon",
              "target": false
            },
            {
              "id": "wildgarlic",
              "target": false
            },
            {
              "id": "whitecabbage",
              "target": false
            },
            {
              "id": "chard",
              "target": true
            },
            {
              "id": "whiteasparagus",
              "target": false
            },
            {
              "id": "watercress",
              "target": false
            },
            {
              "id": "trufflewhite",
              "target": false
            },
            {
              "id": "kidneybean",
              "target": true
            },
            {
              "id": "chili",
              "target": true
            }
          ]
        }
      ]
    }
  ]
}
