{
  "items": [
    {
      "id": "apple",
      "name": "Äpple",
      "categoryId": "fruit",
      "categoryName": "Frukt",
      "subDirectory": "fruits",
      "texture": "apple.png"
    },
    {
      "id": "apricot",
      "name": "Aprikos",
      "categoryId": "fruit",
      "categoryName": "Frukt",
      "subDirectory": "fruits",
      "texture": "apricot.png"
    },
    {
      "id": "avocado",
      "name": "Avokado",
      "categoryId": "fruit",
      "categoryName": "Frukt",
      "subDirectory": "fruits",
      "texture": "avocado.png"
    },
    {
      "id": "banana",
      "name": "Banan",
      "categoryId": "fruit",
      "categoryName": "Frukt",
      "subDirectory": "fruits",
      "texture": "banana.png"
    },
    {
      "id": "beetlebean",
      "name": "Skalbön",
      "categoryId": "vegetable",
      "categoryName": "Vegetabilisk",
      "subDirectory": "vegetables",
      "texture": "beetlebean.png"
    },
    {
      "id": "bilberry",
      "name": "Blåbär",
      "categoryId": "fruit",
      "categoryName": "Frukt",
      "subDirectory": "fruits",
      "texture": "bilberry.png"
    },
    {
      "id": "blackberry",
      "name": "Björnbär",
      "categoryId": "fruit",
      "categoryName": "Frukt",
      "subDirectory": "fruits",
      "texture": "blackberry.png"
    },
    {
      "id": "blackcurrant",
      "name": "Svart vinbär",
      "categoryId": "fruit",
      "categoryName": "Frukt",
      "subDirectory": "fruits",
      "texture": "blackcurrant.png"
    },
    {
      "id": "blackrowan",
      "name": "Blackrowan",
      "categoryId": "fruit",
      "categoryName": "Frukt",
      "subDirectory": "fruits",
      "texture": "blackrowan.png"
    },
    {
      "id": "blackthorn",
      "name": "Slån",
      "categoryId": "fruit",
      "categoryName": "Frukt",
      "subDirectory": "fruits",
      "texture": "blackthorn.png"
    },
    {
      "id": "bloodorange",
      "name": "Blodorang",
      "categoryId": "fruit",
      "categoryName": "Frukt",
      "subDirectory": "fruits",
      "texture": "bloodorange.png"
    },
    {
      "id": "blueberry",
      "name": "Blåbär",
      "categoryId": "fruit",
      "categoryName": "Frukt",
      "subDirectory": "fruits",
      "texture": "blueberry.png"
    },
    {
      "id": "bluehoneysuckleberry",
      "name": "Bluehoneysuckleberry",
      "categoryId": "fruit",
      "categoryName": "Frukt",
      "subDirectory": "fruits",
      "texture": "bluehoneysuckleberry.png"
    },
    {
      "id": "bramleyapple",
      "name": "Bramleyappel",
      "categoryId": "fruit",
      "categoryName": "Frukt",
      "subDirectory": "fruits",
      "texture": "bramleyapple.png"
    },
    {
      "id": "carob",
      "name": "Barnvaken",
      "categoryId": "fruit",
      "categoryName": "Frukt",
      "subDirectory": "fruits",
      "texture": "carob.png"
    },
    {
      "id": "cherry",
      "name": "Körsbär",
      "categoryId": "fruit",
      "categoryName": "Frukt",
      "subDirectory": "fruits",
      "texture": "cherry.png"
    },
    {
      "id": "cherryplum",
      "name": "Körbommon",
      "categoryId": "fruit",
      "categoryName": "Frukt",
      "subDirectory": "fruits",
      "texture": "cherryplum.png"
    },
    {
      "id": "chokeberry",
      "name": "Chokebery",
      "categoryId": "fruit",
      "categoryName": "Frukt",
      "subDirectory": "fruits",
      "texture": "chokeberry.png"
    },
    {
      "id": "citrus",
      "name": "Citrus",
      "categoryId": "fruit",
      "categoryName": "Frukt",
      "subDirectory": "fruits",
      "texture": "citrus.png"
    },
    {
      "id": "clementine",
      "name": "Klementin",
      "categoryId": "fruit",
      "categoryName": "Frukt",
      "subDirectory": "fruits",
      "texture": "clementine.png"
    },
    {
      "id": "cloudberry",
      "name": "Hjortron",
      "categoryId": "fruit",
      "categoryName": "Frukt",
      "subDirectory": "fruits",
      "texture": "cloudberry.png"
    },
    {
      "id": "cranberry",
      "name": "Tranbär",
      "categoryId": "fruit",
      "categoryName": "Frukt",
      "subDirectory": "fruits",
      "texture": "cranberry.png"
    },
    {
      "id": "crabapple",
      "name": "Crabapple",
      "categoryId": "fruit",
      "categoryName": "Frukt",
      "subDirectory": "fruits",
      "texture": "crabapple.png"
    },
    {
      "id": "custardapple",
      "name": "Kusten",
      "categoryId": "fruit",
      "categoryName": "Frukt",
      "subDirectory": "fruits",
      "texture": "custardapple.png"
    },
    {
      "id": "donutpeach",
      "name": "Donutik",
      "categoryId": "fruit",
      "categoryName": "Frukt",
      "subDirectory": "fruits",
      "texture": "donutpeach.png"
    },
    {
      "id": "elderberry",
      "name": "Fläderbär",
      "categoryId": "fruit",
      "categoryName": "Frukt",
      "subDirectory": "fruits",
      "texture": "elderberry.png"
    },
    {
      "id": "fig",
      "name": "Fikon",
      "categoryId": "fruit",
      "categoryName": "Frukt",
      "subDirectory": "fruits",
      "texture": "fig.png"
    },
    {
      "id": "gooseberry",
      "name": "Krusbär",
      "categoryId": "fruit",
      "categoryName": "Frukt",
      "subDirectory": "fruits",
      "texture": "gooseberry.png"
    },
    {
      "id": "grape",
      "name": "Druva",
      "categoryId": "fruit",
      "categoryName": "Frukt",
      "subDirectory": "fruits",
      "texture": "grape.png"
    },
    {
      "id": "grapefruit",
      "name": "Grapefrukt",
      "categoryId": "fruit",
      "categoryName": "Frukt",
      "subDirectory": "fruits",
      "texture": "grapefruit.png"
    },
    {
      "id": "greengage",
      "name": "Gröngage",
      "categoryId": "fruit",
      "categoryName": "Frukt",
      "subDirectory": "fruits",
      "texture": "greengage.png"
    },
    {
      "id": "guava",
      "name": "Guava",
      "categoryId": "fruit",
      "categoryName": "Frukt",
      "subDirectory": "fruits",
      "texture": "guava.png"
    },
    {
      "id": "jujube",
      "name": "Jujube",
      "categoryId": "fruit",
      "categoryName": "Frukt",
      "subDirectory": "fruits",
      "texture": "jujube.png"
    },
    {
      "id": "kiwi",
      "name": "Kiwi",
      "categoryId": "fruit",
      "categoryName": "Frukt",
      "subDirectory": "fruits",
      "texture": "kiwi.png"
    },
    {
      "id": "lemon",
      "name": "Citron",
      "categoryId": "fruit",
      "categoryName": "Frukt",
      "subDirectory": "fruits",
      "texture": "lemon.png"
    },
    {
      "id": "lingonberry",
      "name": "Lingonberry",
      "categoryId": "fruit",
      "categoryName": "Frukt",
      "subDirectory": "fruits",
      "texture": "lingonberry.png"
    },
    {
      "id": "loganberry",
      "name": "Loganbär",
      "categoryId": "fruit",
      "categoryName": "Frukt",
      "subDirectory": "fruits",
      "texture": "loganberry.png"
    },
    {
      "id": "loquat",
      "name": "Loopat",
      "categoryId": "fruit",
      "categoryName": "Frukt",
      "subDirectory": "fruits",
      "texture": "loquat.png"
    },
    {
      "id": "mandarin",
      "name": "Mandarin",
      "categoryId": "fruit",
      "categoryName": "Frukt",
      "subDirectory": "fruits",
      "texture": "mandarin.png"
    },
    {
      "id": "mango",
      "name": "Mango",
      "categoryId": "fruit",
      "categoryName": "Frukt",
      "subDirectory": "fruits",
      "texture": "mango.png"
    },
    {
      "id": "mantorestangerine",
      "name": "Mantorestangerine",
      "categoryId": "fruit",
      "categoryName": "Frukt",
      "subDirectory": "fruits",
      "texture": "mantorestangerine.png"
    },
    {
      "id": "medlar",
      "name": "Mellangel",
      "categoryId": "fruit",
      "categoryName": "Frukt",
      "subDirectory": "fruits",
      "texture": "medlar.png"
    },
    {
      "id": "melon",
      "name": "Melon",
      "categoryId": "fruit",
      "categoryName": "Frukt",
      "subDirectory": "fruits",
      "texture": "melon.png"
    },
    {
      "id": "mirabelleplum",
      "name": "Mirabelleplum",
      "categoryId": "fruit",
      "categoryName": "Frukt",
      "subDirectory": "fruits",
      "texture": "mirabelleplum.png"
    },
    {
      "id": "mulberry",
      "name": "Mullbär",
      "categoryId": "fruit",
      "categoryName": "Frukt",
      "subDirectory": "fruits",
      "texture": "mulberry.png"
    },
    {
      "id": "muskmelon",
      "name": "Muskmelon",
      "categoryId": "fruit",
      "categoryName": "Frukt",
      "subDirectory": "fruits",
      "texture": "muskmelon.png"
    },
    {
      "id": "nectarine",
      "name": "Nektarin",
      "categoryId": "fruit",
      "categoryName": "Frukt",
      "subDirectory": "fruits",
      "texture": "nectarine.png"
    },
    {
      "id": "orange",
      "name": "Orange",
      "categoryId": "fruit",
      "categoryName": "Frukt",
      "subDirectory": "fruits",
      "texture": "orange.png"
    },
    {
      "id": "papaya",
      "name": "Papaya",
      "categoryId": "fruit",
      "categoryName": "Frukt",
      "subDirectory": "fruits",
      "texture": "papaya.png"
    },
    {
      "id": "peach",
      "name": "Persika",
      "categoryId": "fruit",
      "categoryName": "Frukt",
      "subDirectory": "fruits",
      "texture": "peach.png"
    },
    {
      "id": "pear",
      "name": "Päron",
      "categoryId": "fruit",
      "categoryName": "Frukt",
      "subDirectory": "fruits",
      "texture": "pear.png"
    },
    {
      "id": "persimmon",
      "name": "Persimon",
      "categoryId": "fruit",
      "categoryName": "Frukt",
      "subDirectory": "fruits",
      "texture": "persimmon.png"
    },
    {
      "id": "pineapple",
      "name": "Ananas",
      "categoryId": "fruit",
      "categoryName": "Frukt",
      "subDirectory": "fruits",
      "texture": "pineapple.png"
    },
    {
      "id": "plum",
      "name": "Plommon",
      "categoryId": "fruit",
      "categoryName": "Frukt",
      "subDirectory": "fruits",
      "texture": "plum.png"
    },
    {
      "id": "pomegranate",
      "name": "Granatäpple",
      "categoryId": "fruit",
      "categoryName": "Frukt",
      "subDirectory": "fruits",
      "texture": "pomegranate.png"
    },
    {
      "id": "pomelo",
      "name": "Pomelo",
      "categoryId": "fruit",
      "categoryName": "Frukt",
      "subDirectory": "fruits",
      "texture": "pomelo.png"
    },
    {
      "id": "pricklypear",
      "name": "Sticklypear",
      "categoryId": "fruit",
      "categoryName": "Frukt",
      "subDirectory": "fruits",
      "texture": "pricklypear.png"
    },
    {
      "id": "prune",
      "name": "Beskära",
      "categoryId": "fruit",
      "categoryName": "Frukt",
      "subDirectory": "fruits",
      "texture": "prune.png"
    },
    {
      "id": "quince",
      "name": "Kvitten",
      "categoryId": "fruit",
      "categoryName": "Frukt",
      "subDirectory": "fruits",
      "texture": "quince.png"
    },
    {
      "id": "raspberry",
      "name": "Hallon",
      "categoryId": "fruit",
      "categoryName": "Frukt",
      "subDirectory": "fruits",
      "texture": "raspberry.png"
    },
    {
      "id": "redberry",
      "name": "Redberry",
      "categoryId": "fruit",
      "categoryName": "Frukt",
      "subDirectory": "fruits",
      "texture": "redberry.png"
    },
    {
      "id": "redcurrant",
      "name": "Redkommande",
      "categoryId": "fruit",
      "categoryName": "Frukt",
      "subDirectory": "fruits",
      "texture": "redcurrant.png"
    },
    {
      "id": "seabuckthorn",
      "name": "Sjöbock",
      "categoryId": "fruit",
      "categoryName": "Frukt",
      "subDirectory": "fruits",
      "texture": "seabuckthorn.png"
    },
    {
      "id": "strawberry",
      "name": "Jordgubbe",
      "categoryId": "fruit",
      "categoryName": "Frukt",
      "subDirectory": "fruits",
      "texture": "strawberry.png"
    },
    {
      "id": "summerapple",
      "name": "Summerappel",
      "categoryId": "fruit",
      "categoryName": "Frukt",
      "subDirectory": "fruits",
      "texture": "summerapple.png"
    },
    {
      "id": "summerorange",
      "name": "Summerorange",
      "categoryId": "fruit",
      "categoryName": "Frukt",
      "subDirectory": "fruits",
      "texture": "summerorange.png"
    },
    {
      "id": "tangerine",
      "name": "Mandarin",
      "categoryId": "fruit",
      "categoryName": "Frukt",
      "subDirectory": "fruits",
      "texture": "tangerine.png"
    },
    {
      "id": "tayberry",
      "name": "Tayberry",
      "categoryId": "fruit",
      "categoryName": "Frukt",
      "subDirectory": "fruits",
      "texture": "tayberry.png"
    },
    {
      "id": "watermelon",
      "name": "Vattenmelon",
      "categoryId": "fruit",
      "categoryName": "Frukt",
      "subDirectory": "fruits",
      "texture": "watermelon.png"
    },
    {
      "id": "whitecurrant",
      "name": "Vitbeklädnad",
      "categoryId": "fruit",
      "categoryName": "Frukt",
      "subDirectory": "fruits",
      "texture": "whitecurrant.png"
    },
    {
      "id": "whitemulberry",
      "name": "Blitmulbär",
      "categoryId": "fruit",
      "categoryName": "Frukt",
      "subDirectory": "fruits",
      "texture": "whitemulberry.png"
    },
    {
      "id": "winterapple",
      "name": "WinterApple",
      "categoryId": "fruit",
      "categoryName": "Frukt",
      "subDirectory": "fruits",
      "texture": "winterapple.png"
    },
    {
      "id": "artichoke",
      "name": "Kronärtskocka",
      "categoryId": "vegetable",
      "categoryName": "Vegetabilisk",
      "subDirectory": "vegetables",
      "texture": "artichoke.png"
    },
    {
      "id": "arugula",
      "name": "Rusta",
      "categoryId": "vegetable",
      "categoryName": "Vegetabilisk",
      "subDirectory": "vegetables",
      "texture": "arugula.png"
    },
    {
      "id": "asparagus",
      "name": "Sparris",
      "categoryId": "vegetable",
      "categoryName": "Vegetabilisk",
      "subDirectory": "vegetables",
      "texture": "asparagus.png"
    },
    {
      "id": "aubergine",
      "name": "Aubergine",
      "categoryId": "vegetable",
      "categoryName": "Vegetabilisk",
      "subDirectory": "vegetables",
      "texture": "aubergine.png"
    },
    {
      "id": "batavialettuce",
      "name": "Batavia -sallad",
      "categoryId": "vegetable",
      "categoryName": "Vegetabilisk",
      "subDirectory": "vegetables",
      "texture": "batavialettuce.png"
    },
    {
      "id": "bayboletemushroom",
      "name": "Vikbålsvamp",
      "categoryId": "vegetable",
      "categoryName": "Vegetabilisk",
      "subDirectory": "vegetables",
      "texture": "bayboletemushroom.png"
    },
    {
      "id": "bean",
      "name": "Böna",
      "categoryId": "vegetable",
      "categoryName": "Vegetabilisk",
      "subDirectory": "vegetables",
      "texture": "bean.png"
    },
    {
      "id": "beechhatmushroom",
      "name": "Bokhattsvamp",
      "categoryId": "vegetable",
      "categoryName": "Vegetabilisk",
      "subDirectory": "vegetables",
      "texture": "beechhatmushroom.png"
    },
    {
      "id": "beetlebean",
      "name": "Böna",
      "categoryId": "vegetable",
      "categoryName": "Vegetabilisk",
      "subDirectory": "vegetables",
      "texture": "beetlebean.png"
    },
    {
      "id": "beetroot",
      "name": "Rödbeta",
      "categoryId": "vegetable",
      "categoryName": "Vegetabilisk",
      "subDirectory": "vegetables",
      "texture": "beetroot.png"
    },
    {
      "id": "bellpepper",
      "name": "Paprika",
      "categoryId": "vegetable",
      "categoryName": "Vegetabilisk",
      "subDirectory": "vegetables",
      "texture": "bellpepper.png"
    },
    {
      "id": "blackbean",
      "name": "Svartböna",
      "categoryId": "vegetable",
      "categoryName": "Vegetabilisk",
      "subDirectory": "vegetables",
      "texture": "blackbean.png"
    },
    {
      "id": "blackeyedpea",
      "name": "Svartögd ärt",
      "categoryId": "vegetable",
      "categoryName": "Vegetabilisk",
      "subDirectory": "vegetables",
      "texture": "blackeyedpea.png"
    },
    {
      "id": "blackradish",
      "name": "Rättika",
      "categoryId": "vegetable",
      "categoryName": "Vegetabilisk",
      "subDirectory": "vegetables",
      "texture": "blackradish.png"
    },
    {
      "id": "boletusmushroom",
      "name": "Boletus svamp",
      "categoryId": "vegetable",
      "categoryName": "Vegetabilisk",
      "subDirectory": "vegetables",
      "texture": "boletusmushroom.png"
    },
    {
      "id": "broadbean",
      "name": "Bredböna",
      "categoryId": "vegetable",
      "categoryName": "Vegetabilisk",
      "subDirectory": "vegetables",
      "texture": "broadbean.png"
    },
    {
      "id": "broccolini",
      "name": "Broccolini",
      "categoryId": "vegetable",
      "categoryName": "Vegetabilisk",
      "subDirectory": "vegetables",
      "texture": "broccolini.png"
    },
    {
      "id": "broccoli",
      "name": "Broccoli",
      "categoryId": "vegetable",
      "categoryName": "Vegetabilisk",
      "subDirectory": "vegetables",
      "texture": "broccoli.png"
    },
    {
      "id": "brownbean",
      "name": "Brunböna",
      "categoryId": "vegetable",
      "categoryName": "Vegetabilisk",
      "subDirectory": "vegetables",
      "texture": "brownbean.png"
    },
    {
      "id": "brusselssprout",
      "name": "Brysselodling",
      "categoryId": "vegetable",
      "categoryName": "Vegetabilisk",
      "subDirectory": "vegetables",
      "texture": "brusselssprout.png"
    },
    {
      "id": "butternutsquash",
      "name": "Butternut squash",
      "categoryId": "vegetable",
      "categoryName": "Vegetabilisk",
      "subDirectory": "vegetables",
      "texture": "butternutsquash.png"
    },
    {
      "id": "cabbage",
      "name": "Kål",
      "categoryId": "vegetable",
      "categoryName": "Vegetabilisk",
      "subDirectory": "vegetables",
      "texture": "cabbage.png"
    },
    {
      "id": "cardoon",
      "name": "Kardon",
      "categoryId": "vegetable",
      "categoryName": "Vegetabilisk",
      "subDirectory": "vegetables",
      "texture": "cardoon.png"
    },
    {
      "id": "carrot",
      "name": "Morot",
      "categoryId": "vegetable",
      "categoryName": "Vegetabilisk",
      "subDirectory": "vegetables",
      "texture": "carrot.png"
    },
    {
      "id": "catalognapuntarelle",
      "name": "Katalonia puntarelle",
      "categoryId": "vegetable",
      "categoryName": "Vegetabilisk",
      "subDirectory": "vegetables",
      "texture": "catalognapuntarelle.png"
    },
    {
      "id": "cauliflower",
      "name": "Blomkål",
      "categoryId": "vegetable",
      "categoryName": "Vegetabilisk",
      "subDirectory": "vegetables",
      "texture": "cauliflower.png"
    },
    {
      "id": "cavolonero",
      "name": "Svartkål",
      "categoryId": "vegetable",
      "categoryName": "Vegetabilisk",
      "subDirectory": "vegetables",
      "texture": "cavolonero.png"
    },
    {
      "id": "celeriac",
      "name": "Rotselleri",
      "categoryId": "vegetable",
      "categoryName": "Vegetabilisk",
      "subDirectory": "vegetables",
      "texture": "celeriac.png"
    },
    {
      "id": "celery",
      "name": "Selleri",
      "categoryId": "vegetable",
      "categoryName": "Vegetabilisk",
      "subDirectory": "vegetables",
      "texture": "celery.png"
    },
    {
      "id": "chanterellemushroom",
      "name": "Chanterelle svamp",
      "categoryId": "vegetable",
      "categoryName": "Vegetabilisk",
      "subDirectory": "vegetables",
      "texture": "chanterellemushroom.png"
    },
    {
      "id": "chard",
      "name": "Skötsel",
      "categoryId": "vegetable",
      "categoryName": "Vegetabilisk",
      "subDirectory": "vegetables",
      "texture": "chard.png"
    },
    {
      "id": "chayote",
      "name": "Chayote",
      "categoryId": "vegetable",
      "categoryName": "Vegetabilisk",
      "subDirectory": "vegetables",
      "texture": "chayote.png"
    },
    {
      "id": "chicory",
      "name": "Cikoria",
      "categoryId": "vegetable",
      "categoryName": "Vegetabilisk",
      "subDirectory": "vegetables",
      "texture": "chicory.png"
    },
    {
      "id": "chili",
      "name": "Chili",
      "categoryId": "vegetable",
      "categoryName": "Vegetabilisk",
      "subDirectory": "vegetables",
      "texture": "chili.png"
    },
    {
      "id": "chinesecabbage",
      "name": "Kinesisk kål",
      "categoryId": "vegetable",
      "categoryName": "Vegetabilisk",
      "subDirectory": "vegetables",
      "texture": "chinesecabbage.png"
    },
    {
      "id": "courgette",
      "name": "Courgette",
      "categoryId": "vegetable",
      "categoryName": "Vegetabilisk",
      "subDirectory": "vegetables",
      "texture": "courgette.png"
    },
    {
      "id": "cress",
      "name": "Krasse",
      "categoryId": "vegetable",
      "categoryName": "Vegetabilisk",
      "subDirectory": "vegetables",
      "texture": "cress.png"
    },
    {
      "id": "cucumber",
      "name": "Gurka",
      "categoryId": "vegetable",
      "categoryName": "Vegetabilisk",
      "subDirectory": "vegetables",
      "texture": "cucumber.png"
    },
    {
      "id": "curlyendive",
      "name": "Lockig endiv",
      "categoryId": "vegetable",
      "categoryName": "Vegetabilisk",
      "subDirectory": "vegetables",
      "texture": "curlyendive.png"
    },
    {
      "id": "emperormushroom",
      "name": "Kejsare svamp",
      "categoryId": "vegetable",
      "categoryName": "Vegetabilisk",
      "subDirectory": "vegetables",
      "texture": "emperormushroom.png"
    },
    {
      "id": "endive",
      "name": "Endiv",
      "categoryId": "vegetable",
      "categoryName": "Vegetabilisk",
      "subDirectory": "vegetables",
      "texture": "endive.png"
    },
    {
      "id": "enokimushroom",
      "name": "Enoki -svamp",
      "categoryId": "vegetable",
      "categoryName": "Vegetabilisk",
      "subDirectory": "vegetables",
      "texture": "enokimushroom.png"
    },
    {
      "id": "fennel",
      "name": "Fänkål",
      "categoryId": "vegetable",
      "categoryName": "Vegetabilisk",
      "subDirectory": "vegetables",
      "texture": "fennel.png"
    },
    {
      "id": "firebean",
      "name": "Eldböna",
      "categoryId": "vegetable",
      "categoryName": "Vegetabilisk",
      "subDirectory": "vegetables",
      "texture": "firebean.png"
    },
    {
      "id": "frillicelettuce",
      "name": "Frillice -sallad",
      "categoryId": "vegetable",
      "categoryName": "Vegetabilisk",
      "subDirectory": "vegetables",
      "texture": "frillicelettuce.png"
    },
    {
      "id": "friseelettuce",
      "name": "Frisee sallad",
      "categoryId": "vegetable",
      "categoryName": "Vegetabilisk",
      "subDirectory": "vegetables",
      "texture": "friseelettuce.png"
    },
    {
      "id": "friseline",
      "name": "Friselinje",
      "categoryId": "vegetable",
      "categoryName": "Vegetabilisk",
      "subDirectory": "vegetables",
      "texture": "friseline.png"
    },
    {
      "id": "gardenorache",
      "name": "Trädgårdsrache",
      "categoryId": "vegetable",
      "categoryName": "Vegetabilisk",
      "subDirectory": "vegetables",
      "texture": "gardenorache.png"
    },
    {
      "id": "gardenpatience",
      "name": "Trädgårds tålamod",
      "categoryId": "vegetable",
      "categoryName": "Vegetabilisk",
      "subDirectory": "vegetables",
      "texture": "gardenpatience.png"
    },
    {
      "id": "garlic",
      "name": "Vitlök",
      "categoryId": "vegetable",
      "categoryName": "Vegetabilisk",
      "subDirectory": "vegetables",
      "texture": "garlic.png"
    },
    {
      "id": "gherkin",
      "name": "Gurka",
      "categoryId": "vegetable",
      "categoryName": "Vegetabilisk",
      "subDirectory": "vegetables",
      "texture": "gherkin.png"
    },
    {
      "id": "grape",
      "name": "Druva",
      "categoryId": "vegetable",
      "categoryName": "Vegetabilisk",
      "subDirectory": "vegetables",
      "texture": "grape.png"
    },
    {
      "id": "greenamaranth",
      "name": "Grön amarant",
      "categoryId": "vegetable",
      "categoryName": "Vegetabilisk",
      "subDirectory": "vegetables",
      "texture": "greenamaranth.png"
    },
    {
      "id": "greenbean",
      "name": "Grönböna",
      "categoryId": "vegetable",
      "categoryName": "Vegetabilisk",
      "subDirectory": "vegetables",
      "texture": "greenbean.png"
    },
    {
      "id": "greenbellpepper",
      "name": "Grön paprika",
      "categoryId": "vegetable",
      "categoryName": "Vegetabilisk",
      "subDirectory": "vegetables",
      "texture": "greenbellpepper.png"
    },
    {
      "id": "haricotbean",
      "name": "Haricotböna",
      "categoryId": "vegetable",
      "categoryName": "Vegetabilisk",
      "subDirectory": "vegetables",
      "texture": "haricotbean.png"
    },
    {
      "id": "heartoflettuce",
      "name": "Hjärtat av sallad",
      "categoryId": "vegetable",
      "categoryName": "Vegetabilisk",
      "subDirectory": "vegetables",
      "texture": "heartoflettuce.png"
    },
    {
      "id": "horseradish",
      "name": "Pepparrot",
      "categoryId": "vegetable",
      "categoryName": "Vegetabilisk",
      "subDirectory": "vegetables",
      "texture": "horseradish.png"
    },
    {
      "id": "iceberglettuce",
      "name": "Isbergssallad",
      "categoryId": "vegetable",
      "categoryName": "Vegetabilisk",
      "subDirectory": "vegetables",
      "texture": "iceberglettuce.png"
    },
    {
      "id": "jerusalemartichoke",
      "name": "Jerusalem Artichoke",
      "categoryId": "vegetable",
      "categoryName": "Vegetabilisk",
      "subDirectory": "vegetables",
      "texture": "jerusalemartichoke.png"
    },
    {
      "id": "kale",
      "name": "Grönkål",
      "categoryId": "vegetable",
      "categoryName": "Vegetabilisk",
      "subDirectory": "vegetables",
      "texture": "kale.png"
    },
    {
      "id": "kalette",
      "name": "Kalv",
      "categoryId": "vegetable",
      "categoryName": "Vegetabilisk",
      "subDirectory": "vegetables",
      "texture": "kalette.png"
    },
    {
      "id": "kidneybean",
      "name": "Njureböna",
      "categoryId": "vegetable",
      "categoryName": "Vegetabilisk",
      "subDirectory": "vegetables",
      "texture": "kidneybean.png"
    },
    {
      "id": "kohlrabi",
      "name": "Kålrabbi",
      "categoryId": "vegetable",
      "categoryName": "Vegetabilisk",
      "subDirectory": "vegetables",
      "texture": "kohlrabi.png"
    },
    {
      "id": "lambslettuce",
      "name": "Lammsallad",
      "categoryId": "vegetable",
      "categoryName": "Vegetabilisk",
      "subDirectory": "vegetables",
      "texture": "lambslettuce.png"
    },
    {
      "id": "leek",
      "name": "Purjolök",
      "categoryId": "vegetable",
      "categoryName": "Vegetabilisk",
      "subDirectory": "vegetables",
      "texture": "leek.png"
    },
    {
      "id": "lettuce",
      "name": "Sallad",
      "categoryId": "vegetable",
      "categoryName": "Vegetabilisk",
      "subDirectory": "vegetables",
      "texture": "lettuce.png"
    },
    {
      "id": "lollobiondalettuce",
      "name": "Lös blondin",
      "categoryId": "vegetable",
      "categoryName": "Vegetabilisk",
      "subDirectory": "vegetables",
      "texture": "lollobiondalettuce.png"
    },
    {
      "id": "lollorossolettuce",
      "name": "Lollo röd läsning",
      "categoryId": "vegetable",
      "categoryName": "Vegetabilisk",
      "subDirectory": "vegetables",
      "texture": "lollorossolettuce.png"
    },
    {
      "id": "lovage",
      "name": "Älskling",
      "categoryId": "vegetable",
      "categoryName": "Vegetabilisk",
      "subDirectory": "vegetables",
      "texture": "lovage.png"
    },
    {
      "id": "mangetout",
      "name": "Mans",
      "categoryId": "vegetable",
      "categoryName": "Vegetabilisk",
      "subDirectory": "vegetables",
      "texture": "mangetout.png"
    },
    {
      "id": "mangold",
      "name": "Mangold",
      "categoryId": "vegetable",
      "categoryName": "Vegetabilisk",
      "subDirectory": "vegetables",
      "texture": "mangold.png"
    },
    {
      "id": "marrow",
      "name": "Märg",
      "categoryId": "vegetable",
      "categoryName": "Vegetabilisk",
      "subDirectory": "vegetables",
      "texture": "marrow.png"
    },
    {
      "id": "melon",
      "name": "Melon",
      "categoryId": "vegetable",
      "categoryName": "Vegetabilisk",
      "subDirectory": "vegetables",
      "texture": "melon.png"
    },
    {
      "id": "morel",
      "name": "Murkla",
      "categoryId": "vegetable",
      "categoryName": "Vegetabilisk",
      "subDirectory": "vegetables",
      "texture": "morel.png"
    },
    {
      "id": "mushroom",
      "name": "Svamp",
      "categoryId": "vegetable",
      "categoryName": "Vegetabilisk",
      "subDirectory": "vegetables",
      "texture": "mushroom.png"
    },
    {
      "id": "newpotato",
      "name": "Ny potatis",
      "categoryId": "vegetable",
      "categoryName": "Vegetabilisk",
      "subDirectory": "vegetables",
      "texture": "newpotato.png"
    },
    {
      "id": "oakleaflettuce",
      "name": "Ek",
      "categoryId": "vegetable",
      "categoryName": "Vegetabilisk",
      "subDirectory": "vegetables",
      "texture": "oakleaflettuce.png"
    },
    {
      "id": "okra",
      "name": "Okra",
      "categoryId": "vegetable",
      "categoryName": "Vegetabilisk",
      "subDirectory": "vegetables",
      "texture": "okra.png"
    },
    {
      "id": "olive",
      "name": "Oliv",
      "categoryId": "vegetable",
      "categoryName": "Vegetabilisk",
      "subDirectory": "vegetables",
      "texture": "olive.png"
    },
    {
      "id": "onion",
      "name": "Lök",
      "categoryId": "vegetable",
      "categoryName": "Vegetabilisk",
      "subDirectory": "vegetables",
      "texture": "onion.png"
    },
    {
      "id": "oxheartcabbage",
      "name": "Oxheart kål",
      "categoryId": "vegetable",
      "categoryName": "Vegetabilisk",
      "subDirectory": "vegetables",
      "texture": "oxheartcabbage.png"
    },
    {
      "id": "oystermushroom",
      "name": "Ostronsvamp",
      "categoryId": "vegetable",
      "categoryName": "Vegetabilisk",
      "subDirectory": "vegetables",
      "texture": "oystermushroom.png"
    },
    {
      "id": "pakchoi",
      "name": "Pak choi",
      "categoryId": "vegetable",
      "categoryName": "Vegetabilisk",
      "subDirectory": "vegetables",
      "texture": "pakchoi.png"
    },
    {
      "id": "parsleyroot",
      "name": "Persiljarot",
      "categoryId": "vegetable",
      "categoryName": "Vegetabilisk",
      "subDirectory": "vegetables",
      "texture": "parsleyroot.png"
    },
    {
      "id": "parsnip",
      "name": "Palsternacka",
      "categoryId": "vegetable",
      "categoryName": "Vegetabilisk",
      "subDirectory": "vegetables",
      "texture": "parsnip.png"
    },
    {
      "id": "pea",
      "name": "Ärta",
      "categoryId": "vegetable",
      "categoryName": "Vegetabilisk",
      "subDirectory": "vegetables",
      "texture": "pea.png"
    },
    {
      "id": "pickle",
      "name": "Ättikslag",
      "categoryId": "vegetable",
      "categoryName": "Vegetabilisk",
      "subDirectory": "vegetables",
      "texture": "pickle.png"
    },
    {
      "id": "portobellomushroom",
      "name": "Portobello Mushroom",
      "categoryId": "vegetable",
      "categoryName": "Vegetabilisk",
      "subDirectory": "vegetables",
      "texture": "portobellomushroom.png"
    },
    {
      "id": "potato",
      "name": "Potatis",
      "categoryId": "vegetable",
      "categoryName": "Vegetabilisk",
      "subDirectory": "vegetables",
      "texture": "potato.png"
    },
    {
      "id": "pumpkin",
      "name": "Pumpa",
      "categoryId": "vegetable",
      "categoryName": "Vegetabilisk",
      "subDirectory": "vegetables",
      "texture": "pumpkin.png"
    },
    {
      "id": "purplesproutingbroccoli",
      "name": "Lila groddande broccoli",
      "categoryId": "vegetable",
      "categoryName": "Vegetabilisk",
      "subDirectory": "vegetables",
      "texture": "purplesproutingbroccoli.png"
    },
    {
      "id": "purslane",
      "name": "Portlak",
      "categoryId": "vegetable",
      "categoryName": "Vegetabilisk",
      "subDirectory": "vegetables",
      "texture": "purslane.png"
    },
    {
      "id": "radicchio",
      "name": "Radicchio",
      "categoryId": "vegetable",
      "categoryName": "Vegetabilisk",
      "subDirectory": "vegetables",
      "texture": "radicchio.png"
    },
    {
      "id": "radish",
      "name": "Rädisa",
      "categoryId": "vegetable",
      "categoryName": "Vegetabilisk",
      "subDirectory": "vegetables",
      "texture": "radish.png"
    },
    {
      "id": "ramson",
      "name": "Ramslök",
      "categoryId": "vegetable",
      "categoryName": "Vegetabilisk",
      "subDirectory": "vegetables",
      "texture": "ramson.png"
    },
    {
      "id": "redchicory",
      "name": "Röda cikoria",
      "categoryId": "vegetable",
      "categoryName": "Vegetabilisk",
      "subDirectory": "vegetables",
      "texture": "redchicory.png"
    },
    {
      "id": "redlettuce",
      "name": "Röda sallad",
      "categoryId": "vegetable",
      "categoryName": "Vegetabilisk",
      "subDirectory": "vegetables",
      "texture": "redlettuce.png"
    },
    {
      "id": "redoakleaflettuce",
      "name": "Rött ek",
      "categoryId": "vegetable",
      "categoryName": "Vegetabilisk",
      "subDirectory": "vegetables",
      "texture": "redoakleaflettuce.png"
    },
    {
      "id": "redonion",
      "name": "Rödlök",
      "categoryId": "vegetable",
      "categoryName": "Vegetabilisk",
      "subDirectory": "vegetables",
      "texture": "redonion.png"
    },
    {
      "id": "redonion-stored",
      "name": "Rödlök (lagrad)",
      "categoryId": "vegetable",
      "categoryName": "Vegetabilisk",
      "subDirectory": "vegetables",
      "texture": "redonion-stored.png"
    },
    {
      "id": "redradish",
      "name": "Röda rädisa",
      "categoryId": "vegetable",
      "categoryName": "Vegetabilisk",
      "subDirectory": "vegetables",
      "texture": "redradish.png"
    },
    {
      "id": "rhubarb",
      "name": "Rabarber",
      "categoryId": "vegetable",
      "categoryName": "Vegetabilisk",
      "subDirectory": "vegetables",
      "texture": "rhubarb.png"
    },
    {
      "id": "romainelettuce",
      "name": "Romänssallad",
      "categoryId": "vegetable",
      "categoryName": "Vegetabilisk",
      "subDirectory": "vegetables",
      "texture": "romainelettuce.png"
    },
    {
      "id": "romanesco",
      "name": "Romansk",
      "categoryId": "vegetable",
      "categoryName": "Vegetabilisk",
      "subDirectory": "vegetables",
      "texture": "romanesco.png"
    },
    {
      "id": "rucola",
      "name": "Raket",
      "categoryId": "vegetable",
      "categoryName": "Vegetabilisk",
      "subDirectory": "vegetables",
      "texture": "rucola.png"
    },
    {
      "id": "runnerbean",
      "name": "Löpare",
      "categoryId": "vegetable",
      "categoryName": "Vegetabilisk",
      "subDirectory": "vegetables",
      "texture": "runnerbean.png"
    },
    {
      "id": "rutabaga",
      "name": "Kålrot",
      "categoryId": "vegetable",
      "categoryName": "Vegetabilisk",
      "subDirectory": "vegetables",
      "texture": "rutabaga.png"
    },
    {
      "id": "salsify",
      "name": "Haverrot",
      "categoryId": "vegetable",
      "categoryName": "Vegetabilisk",
      "subDirectory": "vegetables",
      "texture": "salsify.png"
    },
    {
      "id": "samphire",
      "name": "Glasört",
      "categoryId": "vegetable",
      "categoryName": "Vegetabilisk",
      "subDirectory": "vegetables",
      "texture": "samphire.png"
    },
    {
      "id": "savoycabbage",
      "name": "Savoykål",
      "categoryId": "vegetable",
      "categoryName": "Vegetabilisk",
      "subDirectory": "vegetables",
      "texture": "savoycabbage.png"
    },
    {
      "id": "scallion",
      "name": "Schalottenlök",
      "categoryId": "vegetable",
      "categoryName": "Vegetabilisk",
      "subDirectory": "vegetables",
      "texture": "scallion.png"
    },
    {
      "id": "shallot",
      "name": "Schalottenlök",
      "categoryId": "vegetable",
      "categoryName": "Vegetabilisk",
      "subDirectory": "vegetables",
      "texture": "shallot.png"
    },
    {
      "id": "shiitakemushroom",
      "name": "Shiitake -svamp",
      "categoryId": "vegetable",
      "categoryName": "Vegetabilisk",
      "subDirectory": "vegetables",
      "texture": "shiitakemushroom.png"
    },
    {
      "id": "snappea",
      "name": "Knäpptesa",
      "categoryId": "vegetable",
      "categoryName": "Vegetabilisk",
      "subDirectory": "vegetables",
      "texture": "snappea.png"
    },
    {
      "id": "snowpea",
      "name": "Snö ärt",
      "categoryId": "vegetable",
      "categoryName": "Vegetabilisk",
      "subDirectory": "vegetables",
      "texture": "snowpea.png"
    },
    {
      "id": "sorrel",
      "name": "Ängssyra",
      "categoryId": "vegetable",
      "categoryName": "Vegetabilisk",
      "subDirectory": "vegetables",
      "texture": "sorrel.png"
    },
    {
      "id": "soybean",
      "name": "Sojabönor",
      "categoryId": "vegetable",
      "categoryName": "Vegetabilisk",
      "subDirectory": "vegetables",
      "texture": "soybean.png"
    },
    {
      "id": "spinach",
      "name": "Spenat",
      "categoryId": "vegetable",
      "categoryName": "Vegetabilisk",
      "subDirectory": "vegetables",
      "texture": "spinach.png"
    },
    {
      "id": "springonion",
      "name": "Vårlök",
      "categoryId": "vegetable",
      "categoryName": "Vegetabilisk",
      "subDirectory": "vegetables",
      "texture": "springonion.png"
    },
    {
      "id": "squash",
      "name": "Squash",
      "categoryId": "vegetable",
      "categoryName": "Vegetabilisk",
      "subDirectory": "vegetables",
      "texture": "squash.png"
    },
    {
      "id": "summercabbage",
      "name": "Sommarkål",
      "categoryId": "vegetable",
      "categoryName": "Vegetabilisk",
      "subDirectory": "vegetables",
      "texture": "summercabbage.png"
    },
    {
      "id": "swede",
      "name": "Svensk",
      "categoryId": "vegetable",
      "categoryName": "Vegetabilisk",
      "subDirectory": "vegetables",
      "texture": "swede.png"
    },
    {
      "id": "sweetcorn",
      "name": "Sockermajs",
      "categoryId": "vegetable",
      "categoryName": "Vegetabilisk",
      "subDirectory": "vegetables",
      "texture": "sweetcorn.png"
    },
    {
      "id": "sweetpotato",
      "name": "Sötpotatis",
      "categoryId": "vegetable",
      "categoryName": "Vegetabilisk",
      "subDirectory": "vegetables",
      "texture": "sweetpotato.png"
    },
    {
      "id": "swisschard",
      "name": "Schweizisk syssel",
      "categoryId": "vegetable",
      "categoryName": "Vegetabilisk",
      "subDirectory": "vegetables",
      "texture": "swisschard.png"
    },
    {
      "id": "taro",
      "name": "Taro",
      "categoryId": "vegetable",
      "categoryName": "Vegetabilisk",
      "subDirectory": "vegetables",
      "texture": "taro.png"
    },
    {
      "id": "tomato",
      "name": "Tomat",
      "categoryId": "vegetable",
      "categoryName": "Vegetabilisk",
      "subDirectory": "vegetables",
      "texture": "tomato.png"
    },
    {
      "id": "tomato-stored",
      "name": "Tomat (lagrad)",
      "categoryId": "vegetable",
      "categoryName": "Vegetabilisk",
      "subDirectory": "vegetables",
      "texture": "tomato-stored.png"
    },
    {
      "id": "truffleblack",
      "name": "Svart tryffel",
      "categoryId": "vegetable",
      "categoryName": "Vegetabilisk",
      "subDirectory": "vegetables",
      "texture": "truffleblack.png"
    },
    {
      "id": "trufflewhite",
      "name": "Vit tryffel",
      "categoryId": "vegetable",
      "categoryName": "Vegetabilisk",
      "subDirectory": "vegetables",
      "texture": "trufflewhite.png"
    },
    {
      "id": "turnip",
      "name": "Rova",
      "categoryId": "vegetable",
      "categoryName": "Vegetabilisk",
      "subDirectory": "vegetables",
      "texture": "turnip.png"
    },
    {
      "id": "watercress",
      "name": "Vattenkrasse",
      "categoryId": "vegetable",
      "categoryName": "Vegetabilisk",
      "subDirectory": "vegetables",
      "texture": "watercress.png"
    },
    {
      "id": "watermelon",
      "name": "Vattenmelon",
      "categoryId": "vegetable",
      "categoryName": "Vegetabilisk",
      "subDirectory": "vegetables",
      "texture": "watermelon.png"
    },
    {
      "id": "whiteasparagus",
      "name": "Vit sparris",
      "categoryId": "vegetable",
      "categoryName": "Vegetabilisk",
      "subDirectory": "vegetables",
      "texture": "whiteasparagus.png"
    },
    {
      "id": "whitebean",
      "name": "Vitböna",
      "categoryId": "vegetable",
      "categoryName": "Vegetabilisk",
      "subDirectory": "vegetables",
      "texture": "whitebean.png"
    },
    {
      "id": "whitecabbage",
      "name": "Vitkål",
      "categoryId": "vegetable",
      "categoryName": "Vegetabilisk",
      "subDirectory": "vegetables",
      "texture": "whitecabbage.png"
    },
    {
      "id": "whiteradish",
      "name": "Vita rädisa",
      "categoryId": "vegetable",
      "categoryName": "Vegetabilisk",
      "subDirectory": "vegetables",
      "texture": "whiteradish.png"
    },
    {
      "id": "wildgarlic",
      "name": "Vild vitlök",
      "categoryId": "vegetable",
      "categoryName": "Vegetabilisk",
      "subDirectory": "vegetables",
      "texture": "wildgarlic.png"
    },
    {
      "id": "wildgreens",
      "name": "Vilda gröna",
      "categoryId": "vegetable",
      "categoryName": "Vegetabilisk",
      "subDirectory": "vegetables",
      "texture": "wildgreens.png"
    },
    {
      "id": "wintermelon",
      "name": "Vintermelon",
      "categoryId": "vegetable",
      "categoryName": "Vegetabilisk",
      "subDirectory": "vegetables",
      "texture": "wintermelon.png"
    }
  ]
}