{
  "items": [
    {
      "id": "apple",
      "name": "Μήλο",
      "categoryId": "fruit",
      "categoryName": "Καρπός",
      "subDirectory": "fruits",
      "texture": "apple.png"
    },
    {
      "id": "apricot",
      "name": "Βερύκοκκο",
      "categoryId": "fruit",
      "categoryName": "Καρπός",
      "subDirectory": "fruits",
      "texture": "apricot.png"
    },
    {
      "id": "avocado",
      "name": "Αβοκάντο",
      "categoryId": "fruit",
      "categoryName": "Καρπός",
      "subDirectory": "fruits",
      "texture": "avocado.png"
    },
    {
      "id": "banana",
      "name": "Μπανάνα",
      "categoryId": "fruit",
      "categoryName": "Καρπός",
      "subDirectory": "fruits",
      "texture": "banana.png"
    },
    {
      "id": "beetlebean",
      "name": "Σκαθάριος",
      "categoryId": "vegetable",
      "categoryName": "Λαχανικό",
      "subDirectory": "vegetables",
      "texture": "beetlebean.png"
    },
    {
      "id": "bilberry",
      "name": "Είδος βατόμουρου",
      "categoryId": "fruit",
      "categoryName": "Καρπός",
      "subDirectory": "fruits",
      "texture": "bilberry.png"
    },
    {
      "id": "blackberry",
      "name": "Βατόμουρο",
      "categoryId": "fruit",
      "categoryName": "Καρπός",
      "subDirectory": "fruits",
      "texture": "blackberry.png"
    },
    {
      "id": "blackcurrant",
      "name": "Είδος φραγκοστάφυλλου",
      "categoryId": "fruit",
      "categoryName": "Καρπός",
      "subDirectory": "fruits",
      "texture": "blackcurrant.png"
    },
    {
      "id": "blackrowan",
      "name": "Μαύρος",
      "categoryId": "fruit",
      "categoryName": "Καρπός",
      "subDirectory": "fruits",
      "texture": "blackrowan.png"
    },
    {
      "id": "blackthorn",
      "name": "Μαύρος",
      "categoryId": "fruit",
      "categoryName": "Καρπός",
      "subDirectory": "fruits",
      "texture": "blackthorn.png"
    },
    {
      "id": "bloodorange",
      "name": "Αίμα",
      "categoryId": "fruit",
      "categoryName": "Καρπός",
      "subDirectory": "fruits",
      "texture": "bloodorange.png"
    },
    {
      "id": "blueberry",
      "name": "Μυρτιλός",
      "categoryId": "fruit",
      "categoryName": "Καρπός",
      "subDirectory": "fruits",
      "texture": "blueberry.png"
    },
    {
      "id": "bluehoneysuckleberry",
      "name": "Bluehoneysuckleberry",
      "categoryId": "fruit",
      "categoryName": "Καρπός",
      "subDirectory": "fruits",
      "texture": "bluehoneysuckleberry.png"
    },
    {
      "id": "bramleyapple",
      "name": "Bramleyapple",
      "categoryId": "fruit",
      "categoryName": "Καρπός",
      "subDirectory": "fruits",
      "texture": "bramleyapple.png"
    },
    {
      "id": "carob",
      "name": "Χαρούπι",
      "categoryId": "fruit",
      "categoryName": "Καρπός",
      "subDirectory": "fruits",
      "texture": "carob.png"
    },
    {
      "id": "cherry",
      "name": "Κεράσι",
      "categoryId": "fruit",
      "categoryName": "Καρπός",
      "subDirectory": "fruits",
      "texture": "cherry.png"
    },
    {
      "id": "cherryplum",
      "name": "Κεράσι",
      "categoryId": "fruit",
      "categoryName": "Καρπός",
      "subDirectory": "fruits",
      "texture": "cherryplum.png"
    },
    {
      "id": "chokeberry",
      "name": "Πνιγμός",
      "categoryId": "fruit",
      "categoryName": "Καρπός",
      "subDirectory": "fruits",
      "texture": "chokeberry.png"
    },
    {
      "id": "citrus",
      "name": "Εσπεριδοειδές",
      "categoryId": "fruit",
      "categoryName": "Καρπός",
      "subDirectory": "fruits",
      "texture": "citrus.png"
    },
    {
      "id": "clementine",
      "name": "Κλέμετος",
      "categoryId": "fruit",
      "categoryName": "Καρπός",
      "subDirectory": "fruits",
      "texture": "clementine.png"
    },
    {
      "id": "cloudberry",
      "name": "Θραύσμα",
      "categoryId": "fruit",
      "categoryName": "Καρπός",
      "subDirectory": "fruits",
      "texture": "cloudberry.png"
    },
    {
      "id": "cranberry",
      "name": "Φίγγι",
      "categoryId": "fruit",
      "categoryName": "Καρπός",
      "subDirectory": "fruits",
      "texture": "cranberry.png"
    },
    {
      "id": "crabapple",
      "name": "Καραμέλα",
      "categoryId": "fruit",
      "categoryName": "Καρπός",
      "subDirectory": "fruits",
      "texture": "crabapple.png"
    },
    {
      "id": "custardapple",
      "name": "Κούτσουρο",
      "categoryId": "fruit",
      "categoryName": "Καρπός",
      "subDirectory": "fruits",
      "texture": "custardapple.png"
    },
    {
      "id": "donutpeach",
      "name": "Ντόνατς",
      "categoryId": "fruit",
      "categoryName": "Καρπός",
      "subDirectory": "fruits",
      "texture": "donutpeach.png"
    },
    {
      "id": "elderberry",
      "name": "Φραγκοστάφυλλο",
      "categoryId": "fruit",
      "categoryName": "Καρπός",
      "subDirectory": "fruits",
      "texture": "elderberry.png"
    },
    {
      "id": "fig",
      "name": "Σύκο",
      "categoryId": "fruit",
      "categoryName": "Καρπός",
      "subDirectory": "fruits",
      "texture": "fig.png"
    },
    {
      "id": "gooseberry",
      "name": "Φραγκοστάφυλλο",
      "categoryId": "fruit",
      "categoryName": "Καρπός",
      "subDirectory": "fruits",
      "texture": "gooseberry.png"
    },
    {
      "id": "grape",
      "name": "Σταφύλι",
      "categoryId": "fruit",
      "categoryName": "Καρπός",
      "subDirectory": "fruits",
      "texture": "grape.png"
    },
    {
      "id": "grapefruit",
      "name": "Φράπα",
      "categoryId": "fruit",
      "categoryName": "Καρπός",
      "subDirectory": "fruits",
      "texture": "grapefruit.png"
    },
    {
      "id": "greengage",
      "name": "Χνουδωτός",
      "categoryId": "fruit",
      "categoryName": "Καρπός",
      "subDirectory": "fruits",
      "texture": "greengage.png"
    },
    {
      "id": "guava",
      "name": "Γκουάβα",
      "categoryId": "fruit",
      "categoryName": "Καρπός",
      "subDirectory": "fruits",
      "texture": "guava.png"
    },
    {
      "id": "jujube",
      "name": "Error 500 (Server Error)!!1500.That’s an error.There was an error. Please try again later.That’s all we know.",
      "categoryId": "fruit",
      "categoryName": "Καρπός",
      "subDirectory": "fruits",
      "texture": "jujube.png"
    },
    {
      "id": "kiwi",
      "name": "Ακτινίδια",
      "categoryId": "fruit",
      "categoryName": "Καρπός",
      "subDirectory": "fruits",
      "texture": "kiwi.png"
    },
    {
      "id": "lemon",
      "name": "Λεμόνι",
      "categoryId": "fruit",
      "categoryName": "Καρπός",
      "subDirectory": "fruits",
      "texture": "lemon.png"
    },
    {
      "id": "lingonberry",
      "name": "Φραγκοστάφυλλο",
      "categoryId": "fruit",
      "categoryName": "Καρπός",
      "subDirectory": "fruits",
      "texture": "lingonberry.png"
    },
    {
      "id": "loganberry",
      "name": "Είδος μούρου",
      "categoryId": "fruit",
      "categoryName": "Καρπός",
      "subDirectory": "fruits",
      "texture": "loganberry.png"
    },
    {
      "id": "loquat",
      "name": "Βρόχος",
      "categoryId": "fruit",
      "categoryName": "Καρπός",
      "subDirectory": "fruits",
      "texture": "loquat.png"
    },
    {
      "id": "mandarin",
      "name": "Μανταρίνι",
      "categoryId": "fruit",
      "categoryName": "Καρπός",
      "subDirectory": "fruits",
      "texture": "mandarin.png"
    },
    {
      "id": "mango",
      "name": "Μάνγκο",
      "categoryId": "fruit",
      "categoryName": "Καρπός",
      "subDirectory": "fruits",
      "texture": "mango.png"
    },
    {
      "id": "mantorestangerine",
      "name": "Μαντορεγγενεΐνη",
      "categoryId": "fruit",
      "categoryName": "Καρπός",
      "subDirectory": "fruits",
      "texture": "mantorestangerine.png"
    },
    {
      "id": "medlar",
      "name": "Μούσμουλο",
      "categoryId": "fruit",
      "categoryName": "Καρπός",
      "subDirectory": "fruits",
      "texture": "medlar.png"
    },
    {
      "id": "melon",
      "name": "Πεπόνι",
      "categoryId": "fruit",
      "categoryName": "Καρπός",
      "subDirectory": "fruits",
      "texture": "melon.png"
    },
    {
      "id": "mirabelleplum",
      "name": "Mirabelleplum",
      "categoryId": "fruit",
      "categoryName": "Καρπός",
      "subDirectory": "fruits",
      "texture": "mirabelleplum.png"
    },
    {
      "id": "mulberry",
      "name": "Μούρο",
      "categoryId": "fruit",
      "categoryName": "Καρπός",
      "subDirectory": "fruits",
      "texture": "mulberry.png"
    },
    {
      "id": "muskmelon",
      "name": "Μοσχάρι",
      "categoryId": "fruit",
      "categoryName": "Καρπός",
      "subDirectory": "fruits",
      "texture": "muskmelon.png"
    },
    {
      "id": "nectarine",
      "name": "Νεκταρίνι",
      "categoryId": "fruit",
      "categoryName": "Καρπός",
      "subDirectory": "fruits",
      "texture": "nectarine.png"
    },
    {
      "id": "orange",
      "name": "Πορτοκάλι",
      "categoryId": "fruit",
      "categoryName": "Καρπός",
      "subDirectory": "fruits",
      "texture": "orange.png"
    },
    {
      "id": "papaya",
      "name": "Παπάγια",
      "categoryId": "fruit",
      "categoryName": "Καρπός",
      "subDirectory": "fruits",
      "texture": "papaya.png"
    },
    {
      "id": "peach",
      "name": "Ροδάκινο",
      "categoryId": "fruit",
      "categoryName": "Καρπός",
      "subDirectory": "fruits",
      "texture": "peach.png"
    },
    {
      "id": "pear",
      "name": "Αχλάδι",
      "categoryId": "fruit",
      "categoryName": "Καρπός",
      "subDirectory": "fruits",
      "texture": "pear.png"
    },
    {
      "id": "persimmon",
      "name": "Διόσπυπος",
      "categoryId": "fruit",
      "categoryName": "Καρπός",
      "subDirectory": "fruits",
      "texture": "persimmon.png"
    },
    {
      "id": "pineapple",
      "name": "Ανανάς",
      "categoryId": "fruit",
      "categoryName": "Καρπός",
      "subDirectory": "fruits",
      "texture": "pineapple.png"
    },
    {
      "id": "plum",
      "name": "Δαμάσκηνο",
      "categoryId": "fruit",
      "categoryName": "Καρπός",
      "subDirectory": "fruits",
      "texture": "plum.png"
    },
    {
      "id": "pomegranate",
      "name": "Ρόδι",
      "categoryId": "fruit",
      "categoryName": "Καρπός",
      "subDirectory": "fruits",
      "texture": "pomegranate.png"
    },
    {
      "id": "pomelo",
      "name": "Πύργος",
      "categoryId": "fruit",
      "categoryName": "Καρπός",
      "subDirectory": "fruits",
      "texture": "pomelo.png"
    },
    {
      "id": "pricklypear",
      "name": "Φραγκοστάφυλος",
      "categoryId": "fruit",
      "categoryName": "Καρπός",
      "subDirectory": "fruits",
      "texture": "pricklypear.png"
    },
    {
      "id": "prune",
      "name": "Κλαδεύω",
      "categoryId": "fruit",
      "categoryName": "Καρπός",
      "subDirectory": "fruits",
      "texture": "prune.png"
    },
    {
      "id": "quince",
      "name": "Κυδώνι",
      "categoryId": "fruit",
      "categoryName": "Καρπός",
      "subDirectory": "fruits",
      "texture": "quince.png"
    },
    {
      "id": "raspberry",
      "name": "Βατόμουρο",
      "categoryId": "fruit",
      "categoryName": "Καρπός",
      "subDirectory": "fruits",
      "texture": "raspberry.png"
    },
    {
      "id": "redberry",
      "name": "Αναδημιουργώ",
      "categoryId": "fruit",
      "categoryName": "Καρπός",
      "subDirectory": "fruits",
      "texture": "redberry.png"
    },
    {
      "id": "redcurrant",
      "name": "Φραγκοστάφυλο",
      "categoryId": "fruit",
      "categoryName": "Καρπός",
      "subDirectory": "fruits",
      "texture": "redcurrant.png"
    },
    {
      "id": "seabuckthorn",
      "name": "Θαλασσινός",
      "categoryId": "fruit",
      "categoryName": "Καρπός",
      "subDirectory": "fruits",
      "texture": "seabuckthorn.png"
    },
    {
      "id": "strawberry",
      "name": "Φράουλα",
      "categoryId": "fruit",
      "categoryName": "Καρπός",
      "subDirectory": "fruits",
      "texture": "strawberry.png"
    },
    {
      "id": "summerapple",
      "name": "Καλοκαίρι",
      "categoryId": "fruit",
      "categoryName": "Καρπός",
      "subDirectory": "fruits",
      "texture": "summerapple.png"
    },
    {
      "id": "summerorange",
      "name": "Καλοκαίρι",
      "categoryId": "fruit",
      "categoryName": "Καρπός",
      "subDirectory": "fruits",
      "texture": "summerorange.png"
    },
    {
      "id": "tangerine",
      "name": "Μανταρίνι",
      "categoryId": "fruit",
      "categoryName": "Καρπός",
      "subDirectory": "fruits",
      "texture": "tangerine.png"
    },
    {
      "id": "tayberry",
      "name": "Ζυγό",
      "categoryId": "fruit",
      "categoryName": "Καρπός",
      "subDirectory": "fruits",
      "texture": "tayberry.png"
    },
    {
      "id": "watermelon",
      "name": "Καρπούζι",
      "categoryId": "fruit",
      "categoryName": "Καρπός",
      "subDirectory": "fruits",
      "texture": "watermelon.png"
    },
    {
      "id": "whitecurrant",
      "name": "Λευκός ρεύμα",
      "categoryId": "fruit",
      "categoryName": "Καρπός",
      "subDirectory": "fruits",
      "texture": "whitecurrant.png"
    },
    {
      "id": "whitemulberry",
      "name": "Λευκός",
      "categoryId": "fruit",
      "categoryName": "Καρπός",
      "subDirectory": "fruits",
      "texture": "whitemulberry.png"
    },
    {
      "id": "winterapple",
      "name": "Χειμώνας",
      "categoryId": "fruit",
      "categoryName": "Καρπός",
      "subDirectory": "fruits",
      "texture": "winterapple.png"
    },
    {
      "id": "artichoke",
      "name": "Αγκινάρα",
      "categoryId": "vegetable",
      "categoryName": "Λαχανικό",
      "subDirectory": "vegetables",
      "texture": "artichoke.png"
    },
    {
      "id": "arugula",
      "name": "Ρόκα",
      "categoryId": "vegetable",
      "categoryName": "Λαχανικό",
      "subDirectory": "vegetables",
      "texture": "arugula.png"
    },
    {
      "id": "asparagus",
      "name": "Σπαράγγι",
      "categoryId": "vegetable",
      "categoryName": "Λαχανικό",
      "subDirectory": "vegetables",
      "texture": "asparagus.png"
    },
    {
      "id": "aubergine",
      "name": "Μελιτζάνα",
      "categoryId": "vegetable",
      "categoryName": "Λαχανικό",
      "subDirectory": "vegetables",
      "texture": "aubergine.png"
    },
    {
      "id": "batavialettuce",
      "name": "Μαρούλι Batavia",
      "categoryId": "vegetable",
      "categoryName": "Λαχανικό",
      "subDirectory": "vegetables",
      "texture": "batavialettuce.png"
    },
    {
      "id": "bayboletemushroom",
      "name": "Μανιτάρι Bay Bolete",
      "categoryId": "vegetable",
      "categoryName": "Λαχανικό",
      "subDirectory": "vegetables",
      "texture": "bayboletemushroom.png"
    },
    {
      "id": "bean",
      "name": "Φασόλι",
      "categoryId": "vegetable",
      "categoryName": "Λαχανικό",
      "subDirectory": "vegetables",
      "texture": "bean.png"
    },
    {
      "id": "beechhatmushroom",
      "name": "Μανιτάρι με οξιά",
      "categoryId": "vegetable",
      "categoryName": "Λαχανικό",
      "subDirectory": "vegetables",
      "texture": "beechhatmushroom.png"
    },
    {
      "id": "beetlebean",
      "name": "Σκαθοφόρο",
      "categoryId": "vegetable",
      "categoryName": "Λαχανικό",
      "subDirectory": "vegetables",
      "texture": "beetlebean.png"
    },
    {
      "id": "beetroot",
      "name": "Παντζάρι",
      "categoryId": "vegetable",
      "categoryName": "Λαχανικό",
      "subDirectory": "vegetables",
      "texture": "beetroot.png"
    },
    {
      "id": "bellpepper",
      "name": "Πιπέρι",
      "categoryId": "vegetable",
      "categoryName": "Λαχανικό",
      "subDirectory": "vegetables",
      "texture": "bellpepper.png"
    },
    {
      "id": "blackbean",
      "name": "Μαύρο φασόλι",
      "categoryId": "vegetable",
      "categoryName": "Λαχανικό",
      "subDirectory": "vegetables",
      "texture": "blackbean.png"
    },
    {
      "id": "blackeyedpea",
      "name": "Μαύρα μάτια",
      "categoryId": "vegetable",
      "categoryName": "Λαχανικό",
      "subDirectory": "vegetables",
      "texture": "blackeyedpea.png"
    },
    {
      "id": "blackradish",
      "name": "Μαύρος ραπανάκι",
      "categoryId": "vegetable",
      "categoryName": "Λαχανικό",
      "subDirectory": "vegetables",
      "texture": "blackradish.png"
    },
    {
      "id": "boletusmushroom",
      "name": "Μανιτάρι Boletus",
      "categoryId": "vegetable",
      "categoryName": "Λαχανικό",
      "subDirectory": "vegetables",
      "texture": "boletusmushroom.png"
    },
    {
      "id": "broadbean",
      "name": "Ευρύς φασόλια",
      "categoryId": "vegetable",
      "categoryName": "Λαχανικό",
      "subDirectory": "vegetables",
      "texture": "broadbean.png"
    },
    {
      "id": "broccolini",
      "name": "Μπρόκολο",
      "categoryId": "vegetable",
      "categoryName": "Λαχανικό",
      "subDirectory": "vegetables",
      "texture": "broccolini.png"
    },
    {
      "id": "broccoli",
      "name": "Μπρόκολο",
      "categoryId": "vegetable",
      "categoryName": "Λαχανικό",
      "subDirectory": "vegetables",
      "texture": "broccoli.png"
    },
    {
      "id": "brownbean",
      "name": "Καφέ φασόλια",
      "categoryId": "vegetable",
      "categoryName": "Λαχανικό",
      "subDirectory": "vegetables",
      "texture": "brownbean.png"
    },
    {
      "id": "brusselssprout",
      "name": "Βρυξέλλες",
      "categoryId": "vegetable",
      "categoryName": "Λαχανικό",
      "subDirectory": "vegetables",
      "texture": "brusselssprout.png"
    },
    {
      "id": "butternutsquash",
      "name": "Κολοκύθα",
      "categoryId": "vegetable",
      "categoryName": "Λαχανικό",
      "subDirectory": "vegetables",
      "texture": "butternutsquash.png"
    },
    {
      "id": "cabbage",
      "name": "Λάχανο",
      "categoryId": "vegetable",
      "categoryName": "Λαχανικό",
      "subDirectory": "vegetables",
      "texture": "cabbage.png"
    },
    {
      "id": "cardoon",
      "name": "Καρδονό",
      "categoryId": "vegetable",
      "categoryName": "Λαχανικό",
      "subDirectory": "vegetables",
      "texture": "cardoon.png"
    },
    {
      "id": "carrot",
      "name": "Καρότο",
      "categoryId": "vegetable",
      "categoryName": "Λαχανικό",
      "subDirectory": "vegetables",
      "texture": "carrot.png"
    },
    {
      "id": "catalognapuntarelle",
      "name": "Καταλονία Puntarelle",
      "categoryId": "vegetable",
      "categoryName": "Λαχανικό",
      "subDirectory": "vegetables",
      "texture": "catalognapuntarelle.png"
    },
    {
      "id": "cauliflower",
      "name": "Κουνουπίδι",
      "categoryId": "vegetable",
      "categoryName": "Λαχανικό",
      "subDirectory": "vegetables",
      "texture": "cauliflower.png"
    },
    {
      "id": "cavolonero",
      "name": "Μαύρο λάχανο",
      "categoryId": "vegetable",
      "categoryName": "Λαχανικό",
      "subDirectory": "vegetables",
      "texture": "cavolonero.png"
    },
    {
      "id": "celeriac",
      "name": "Σελίου",
      "categoryId": "vegetable",
      "categoryName": "Λαχανικό",
      "subDirectory": "vegetables",
      "texture": "celeriac.png"
    },
    {
      "id": "celery",
      "name": "Σέλινο",
      "categoryId": "vegetable",
      "categoryName": "Λαχανικό",
      "subDirectory": "vegetables",
      "texture": "celery.png"
    },
    {
      "id": "chanterellemushroom",
      "name": "Μανιτάρι chanterelle",
      "categoryId": "vegetable",
      "categoryName": "Λαχανικό",
      "subDirectory": "vegetables",
      "texture": "chanterellemushroom.png"
    },
    {
      "id": "chard",
      "name": "Πτερύγιο",
      "categoryId": "vegetable",
      "categoryName": "Λαχανικό",
      "subDirectory": "vegetables",
      "texture": "chard.png"
    },
    {
      "id": "chayote",
      "name": "Καυσίμος",
      "categoryId": "vegetable",
      "categoryName": "Λαχανικό",
      "subDirectory": "vegetables",
      "texture": "chayote.png"
    },
    {
      "id": "chicory",
      "name": "Ραδίκι",
      "categoryId": "vegetable",
      "categoryName": "Λαχανικό",
      "subDirectory": "vegetables",
      "texture": "chicory.png"
    },
    {
      "id": "chili",
      "name": "Κοκκινοπίπερο",
      "categoryId": "vegetable",
      "categoryName": "Λαχανικό",
      "subDirectory": "vegetables",
      "texture": "chili.png"
    },
    {
      "id": "chinesecabbage",
      "name": "Κινεζικό λάχανο",
      "categoryId": "vegetable",
      "categoryName": "Λαχανικό",
      "subDirectory": "vegetables",
      "texture": "chinesecabbage.png"
    },
    {
      "id": "courgette",
      "name": "Φρέσκο ​​κολοκυθάκι",
      "categoryId": "vegetable",
      "categoryName": "Λαχανικό",
      "subDirectory": "vegetables",
      "texture": "courgette.png"
    },
    {
      "id": "cress",
      "name": "Κάρδαμο",
      "categoryId": "vegetable",
      "categoryName": "Λαχανικό",
      "subDirectory": "vegetables",
      "texture": "cress.png"
    },
    {
      "id": "cucumber",
      "name": "Αγγούρι",
      "categoryId": "vegetable",
      "categoryName": "Λαχανικό",
      "subDirectory": "vegetables",
      "texture": "cucumber.png"
    },
    {
      "id": "curlyendive",
      "name": "Σγουρό",
      "categoryId": "vegetable",
      "categoryName": "Λαχανικό",
      "subDirectory": "vegetables",
      "texture": "curlyendive.png"
    },
    {
      "id": "emperormushroom",
      "name": "Μανιτάρι αυτοκράτορα",
      "categoryId": "vegetable",
      "categoryName": "Λαχανικό",
      "subDirectory": "vegetables",
      "texture": "emperormushroom.png"
    },
    {
      "id": "endive",
      "name": "Αντίδι",
      "categoryId": "vegetable",
      "categoryName": "Λαχανικό",
      "subDirectory": "vegetables",
      "texture": "endive.png"
    },
    {
      "id": "enokimushroom",
      "name": "Μανιτάρι enoki",
      "categoryId": "vegetable",
      "categoryName": "Λαχανικό",
      "subDirectory": "vegetables",
      "texture": "enokimushroom.png"
    },
    {
      "id": "fennel",
      "name": "Μάραθο",
      "categoryId": "vegetable",
      "categoryName": "Λαχανικό",
      "subDirectory": "vegetables",
      "texture": "fennel.png"
    },
    {
      "id": "firebean",
      "name": "Φασόλι",
      "categoryId": "vegetable",
      "categoryName": "Λαχανικό",
      "subDirectory": "vegetables",
      "texture": "firebean.png"
    },
    {
      "id": "frillicelettuce",
      "name": "Μαρούλι",
      "categoryId": "vegetable",
      "categoryName": "Λαχανικό",
      "subDirectory": "vegetables",
      "texture": "frillicelettuce.png"
    },
    {
      "id": "friseelettuce",
      "name": "Μαρούλι",
      "categoryId": "vegetable",
      "categoryName": "Λαχανικό",
      "subDirectory": "vegetables",
      "texture": "friseelettuce.png"
    },
    {
      "id": "friseline",
      "name": "Friseline",
      "categoryId": "vegetable",
      "categoryName": "Λαχανικό",
      "subDirectory": "vegetables",
      "texture": "friseline.png"
    },
    {
      "id": "gardenorache",
      "name": "Κήπος ή στον κήπο",
      "categoryId": "vegetable",
      "categoryName": "Λαχανικό",
      "subDirectory": "vegetables",
      "texture": "gardenorache.png"
    },
    {
      "id": "gardenpatience",
      "name": "Υπομονή στον κήπο",
      "categoryId": "vegetable",
      "categoryName": "Λαχανικό",
      "subDirectory": "vegetables",
      "texture": "gardenpatience.png"
    },
    {
      "id": "garlic",
      "name": "Σκόρδο",
      "categoryId": "vegetable",
      "categoryName": "Λαχανικό",
      "subDirectory": "vegetables",
      "texture": "garlic.png"
    },
    {
      "id": "gherkin",
      "name": "Αγγουράκι",
      "categoryId": "vegetable",
      "categoryName": "Λαχανικό",
      "subDirectory": "vegetables",
      "texture": "gherkin.png"
    },
    {
      "id": "grape",
      "name": "Σταφύλι",
      "categoryId": "vegetable",
      "categoryName": "Λαχανικό",
      "subDirectory": "vegetables",
      "texture": "grape.png"
    },
    {
      "id": "greenamaranth",
      "name": "Πράσινο amaranth",
      "categoryId": "vegetable",
      "categoryName": "Λαχανικό",
      "subDirectory": "vegetables",
      "texture": "greenamaranth.png"
    },
    {
      "id": "greenbean",
      "name": "Πράσινο φασόλι",
      "categoryId": "vegetable",
      "categoryName": "Λαχανικό",
      "subDirectory": "vegetables",
      "texture": "greenbean.png"
    },
    {
      "id": "greenbellpepper",
      "name": "Πράσινο πιπέρι",
      "categoryId": "vegetable",
      "categoryName": "Λαχανικό",
      "subDirectory": "vegetables",
      "texture": "greenbellpepper.png"
    },
    {
      "id": "haricotbean",
      "name": "Φασόλι",
      "categoryId": "vegetable",
      "categoryName": "Λαχανικό",
      "subDirectory": "vegetables",
      "texture": "haricotbean.png"
    },
    {
      "id": "heartoflettuce",
      "name": "Καρδιά του μαρούλι",
      "categoryId": "vegetable",
      "categoryName": "Λαχανικό",
      "subDirectory": "vegetables",
      "texture": "heartoflettuce.png"
    },
    {
      "id": "horseradish",
      "name": "Χρένο",
      "categoryId": "vegetable",
      "categoryName": "Λαχανικό",
      "subDirectory": "vegetables",
      "texture": "horseradish.png"
    },
    {
      "id": "iceberglettuce",
      "name": "Μαρούλι παγόβουνου",
      "categoryId": "vegetable",
      "categoryName": "Λαχανικό",
      "subDirectory": "vegetables",
      "texture": "iceberglettuce.png"
    },
    {
      "id": "jerusalemartichoke",
      "name": "Αγκινάρο",
      "categoryId": "vegetable",
      "categoryName": "Λαχανικό",
      "subDirectory": "vegetables",
      "texture": "jerusalemartichoke.png"
    },
    {
      "id": "kale",
      "name": "Λάχανο",
      "categoryId": "vegetable",
      "categoryName": "Λαχανικό",
      "subDirectory": "vegetables",
      "texture": "kale.png"
    },
    {
      "id": "kalette",
      "name": "Μοσχάρι",
      "categoryId": "vegetable",
      "categoryName": "Λαχανικό",
      "subDirectory": "vegetables",
      "texture": "kalette.png"
    },
    {
      "id": "kidneybean",
      "name": "Φασόλι",
      "categoryId": "vegetable",
      "categoryName": "Λαχανικό",
      "subDirectory": "vegetables",
      "texture": "kidneybean.png"
    },
    {
      "id": "kohlrabi",
      "name": "Είδος λάχανου",
      "categoryId": "vegetable",
      "categoryName": "Λαχανικό",
      "subDirectory": "vegetables",
      "texture": "kohlrabi.png"
    },
    {
      "id": "lambslettuce",
      "name": "Το μαρούλι του αρνιού",
      "categoryId": "vegetable",
      "categoryName": "Λαχανικό",
      "subDirectory": "vegetables",
      "texture": "lambslettuce.png"
    },
    {
      "id": "leek",
      "name": "Πράσο",
      "categoryId": "vegetable",
      "categoryName": "Λαχανικό",
      "subDirectory": "vegetables",
      "texture": "leek.png"
    },
    {
      "id": "lettuce",
      "name": "Μαρούλι",
      "categoryId": "vegetable",
      "categoryName": "Λαχανικό",
      "subDirectory": "vegetables",
      "texture": "lettuce.png"
    },
    {
      "id": "lollobiondalettuce",
      "name": "Χαλαρή ξανθιά επένδυση",
      "categoryId": "vegetable",
      "categoryName": "Λαχανικό",
      "subDirectory": "vegetables",
      "texture": "lollobiondalettuce.png"
    },
    {
      "id": "lollorossolettuce",
      "name": "Lollo Red Read",
      "categoryId": "vegetable",
      "categoryName": "Λαχανικό",
      "subDirectory": "vegetables",
      "texture": "lollorossolettuce.png"
    },
    {
      "id": "lovage",
      "name": "Λατρεύω",
      "categoryId": "vegetable",
      "categoryName": "Λαχανικό",
      "subDirectory": "vegetables",
      "texture": "lovage.png"
    },
    {
      "id": "mangetout",
      "name": "Φουρκέτα",
      "categoryId": "vegetable",
      "categoryName": "Λαχανικό",
      "subDirectory": "vegetables",
      "texture": "mangetout.png"
    },
    {
      "id": "mangold",
      "name": "Μαγκόλαντ",
      "categoryId": "vegetable",
      "categoryName": "Λαχανικό",
      "subDirectory": "vegetables",
      "texture": "mangold.png"
    },
    {
      "id": "marrow",
      "name": "Μεδούλι",
      "categoryId": "vegetable",
      "categoryName": "Λαχανικό",
      "subDirectory": "vegetables",
      "texture": "marrow.png"
    },
    {
      "id": "melon",
      "name": "Πεπόνι",
      "categoryId": "vegetable",
      "categoryName": "Λαχανικό",
      "subDirectory": "vegetables",
      "texture": "melon.png"
    },
    {
      "id": "morel",
      "name": "Φουσκωμένος",
      "categoryId": "vegetable",
      "categoryName": "Λαχανικό",
      "subDirectory": "vegetables",
      "texture": "morel.png"
    },
    {
      "id": "mushroom",
      "name": "Μανιτάρι",
      "categoryId": "vegetable",
      "categoryName": "Λαχανικό",
      "subDirectory": "vegetables",
      "texture": "mushroom.png"
    },
    {
      "id": "newpotato",
      "name": "Νέα πατάτα",
      "categoryId": "vegetable",
      "categoryName": "Λαχανικό",
      "subDirectory": "vegetables",
      "texture": "newpotato.png"
    },
    {
      "id": "oakleaflettuce",
      "name": "Δρυς μαρούλι",
      "categoryId": "vegetable",
      "categoryName": "Λαχανικό",
      "subDirectory": "vegetables",
      "texture": "oakleaflettuce.png"
    },
    {
      "id": "okra",
      "name": "Μπάμια",
      "categoryId": "vegetable",
      "categoryName": "Λαχανικό",
      "subDirectory": "vegetables",
      "texture": "okra.png"
    },
    {
      "id": "olive",
      "name": "Ελιά",
      "categoryId": "vegetable",
      "categoryName": "Λαχανικό",
      "subDirectory": "vegetables",
      "texture": "olive.png"
    },
    {
      "id": "onion",
      "name": "Κρεμμύδι",
      "categoryId": "vegetable",
      "categoryName": "Λαχανικό",
      "subDirectory": "vegetables",
      "texture": "onion.png"
    },
    {
      "id": "oxheartcabbage",
      "name": "Λάχανο οξέος",
      "categoryId": "vegetable",
      "categoryName": "Λαχανικό",
      "subDirectory": "vegetables",
      "texture": "oxheartcabbage.png"
    },
    {
      "id": "oystermushroom",
      "name": "Μανιτάρι στρείδι",
      "categoryId": "vegetable",
      "categoryName": "Λαχανικό",
      "subDirectory": "vegetables",
      "texture": "oystermushroom.png"
    },
    {
      "id": "pakchoi",
      "name": "Pak Choi",
      "categoryId": "vegetable",
      "categoryName": "Λαχανικό",
      "subDirectory": "vegetables",
      "texture": "pakchoi.png"
    },
    {
      "id": "parsleyroot",
      "name": "Μαϊντανό ρίζα",
      "categoryId": "vegetable",
      "categoryName": "Λαχανικό",
      "subDirectory": "vegetables",
      "texture": "parsleyroot.png"
    },
    {
      "id": "parsnip",
      "name": "Είδος δαυκίου",
      "categoryId": "vegetable",
      "categoryName": "Λαχανικό",
      "subDirectory": "vegetables",
      "texture": "parsnip.png"
    },
    {
      "id": "pea",
      "name": "Μπιζέλι",
      "categoryId": "vegetable",
      "categoryName": "Λαχανικό",
      "subDirectory": "vegetables",
      "texture": "pea.png"
    },
    {
      "id": "pickle",
      "name": "Τουρσί",
      "categoryId": "vegetable",
      "categoryName": "Λαχανικό",
      "subDirectory": "vegetables",
      "texture": "pickle.png"
    },
    {
      "id": "portobellomushroom",
      "name": "Μανιτάρι Portobello",
      "categoryId": "vegetable",
      "categoryName": "Λαχανικό",
      "subDirectory": "vegetables",
      "texture": "portobellomushroom.png"
    },
    {
      "id": "potato",
      "name": "Πατάτα",
      "categoryId": "vegetable",
      "categoryName": "Λαχανικό",
      "subDirectory": "vegetables",
      "texture": "potato.png"
    },
    {
      "id": "pumpkin",
      "name": "Κολοκύθι",
      "categoryId": "vegetable",
      "categoryName": "Λαχανικό",
      "subDirectory": "vegetables",
      "texture": "pumpkin.png"
    },
    {
      "id": "purplesproutingbroccoli",
      "name": "Μωβ -βλαστάρισμα μπρόκολο",
      "categoryId": "vegetable",
      "categoryName": "Λαχανικό",
      "subDirectory": "vegetables",
      "texture": "purplesproutingbroccoli.png"
    },
    {
      "id": "purslane",
      "name": "Ανδρακλή",
      "categoryId": "vegetable",
      "categoryName": "Λαχανικό",
      "subDirectory": "vegetables",
      "texture": "purslane.png"
    },
    {
      "id": "radicchio",
      "name": "Ραδιοφωνικό",
      "categoryId": "vegetable",
      "categoryName": "Λαχανικό",
      "subDirectory": "vegetables",
      "texture": "radicchio.png"
    },
    {
      "id": "radish",
      "name": "Ραπανάκι",
      "categoryId": "vegetable",
      "categoryName": "Λαχανικό",
      "subDirectory": "vegetables",
      "texture": "radish.png"
    },
    {
      "id": "ramson",
      "name": "Βραχίονα",
      "categoryId": "vegetable",
      "categoryName": "Λαχανικό",
      "subDirectory": "vegetables",
      "texture": "ramson.png"
    },
    {
      "id": "redchicory",
      "name": "Κόκκινο κιχώριο",
      "categoryId": "vegetable",
      "categoryName": "Λαχανικό",
      "subDirectory": "vegetables",
      "texture": "redchicory.png"
    },
    {
      "id": "redlettuce",
      "name": "Κόκκινο μαρούλι",
      "categoryId": "vegetable",
      "categoryName": "Λαχανικό",
      "subDirectory": "vegetables",
      "texture": "redlettuce.png"
    },
    {
      "id": "redoakleaflettuce",
      "name": "Κόκκινο μαρούλι Oakleaf",
      "categoryId": "vegetable",
      "categoryName": "Λαχανικό",
      "subDirectory": "vegetables",
      "texture": "redoakleaflettuce.png"
    },
    {
      "id": "redonion",
      "name": "Κόκκινο κρεμμύδι",
      "categoryId": "vegetable",
      "categoryName": "Λαχανικό",
      "subDirectory": "vegetables",
      "texture": "redonion.png"
    },
    {
      "id": "redonion-stored",
      "name": "Κόκκινο κρεμμύδι (αποθηκευμένο)",
      "categoryId": "vegetable",
      "categoryName": "Λαχανικό",
      "subDirectory": "vegetables",
      "texture": "redonion-stored.png"
    },
    {
      "id": "redradish",
      "name": "Κόκκινο ραπανάκι",
      "categoryId": "vegetable",
      "categoryName": "Λαχανικό",
      "subDirectory": "vegetables",
      "texture": "redradish.png"
    },
    {
      "id": "rhubarb",
      "name": "Ραβέντι",
      "categoryId": "vegetable",
      "categoryName": "Λαχανικό",
      "subDirectory": "vegetables",
      "texture": "rhubarb.png"
    },
    {
      "id": "romainelettuce",
      "name": "Μαρούλι romaine",
      "categoryId": "vegetable",
      "categoryName": "Λαχανικό",
      "subDirectory": "vegetables",
      "texture": "romainelettuce.png"
    },
    {
      "id": "romanesco",
      "name": "Ρωμαΐζων",
      "categoryId": "vegetable",
      "categoryName": "Λαχανικό",
      "subDirectory": "vegetables",
      "texture": "romanesco.png"
    },
    {
      "id": "rucola",
      "name": "Ρόκα",
      "categoryId": "vegetable",
      "categoryName": "Λαχανικό",
      "subDirectory": "vegetables",
      "texture": "rucola.png"
    },
    {
      "id": "runnerbean",
      "name": "Δρομέας",
      "categoryId": "vegetable",
      "categoryName": "Λαχανικό",
      "subDirectory": "vegetables",
      "texture": "runnerbean.png"
    },
    {
      "id": "rutabaga",
      "name": "Μέγα γογγύλιον",
      "categoryId": "vegetable",
      "categoryName": "Λαχανικό",
      "subDirectory": "vegetables",
      "texture": "rutabaga.png"
    },
    {
      "id": "salsify",
      "name": "Σκουλλί",
      "categoryId": "vegetable",
      "categoryName": "Λαχανικό",
      "subDirectory": "vegetables",
      "texture": "salsify.png"
    },
    {
      "id": "samphire",
      "name": "Ζαχαρωτό",
      "categoryId": "vegetable",
      "categoryName": "Λαχανικό",
      "subDirectory": "vegetables",
      "texture": "samphire.png"
    },
    {
      "id": "savoycabbage",
      "name": "Λάχανο της Σαβοΐας",
      "categoryId": "vegetable",
      "categoryName": "Λαχανικό",
      "subDirectory": "vegetables",
      "texture": "savoycabbage.png"
    },
    {
      "id": "scallion",
      "name": "Κρεμμύδι",
      "categoryId": "vegetable",
      "categoryName": "Λαχανικό",
      "subDirectory": "vegetables",
      "texture": "scallion.png"
    },
    {
      "id": "shallot",
      "name": "Είδος κρεμμυδιού",
      "categoryId": "vegetable",
      "categoryName": "Λαχανικό",
      "subDirectory": "vegetables",
      "texture": "shallot.png"
    },
    {
      "id": "shiitakemushroom",
      "name": "Μανιτάρι shiitake",
      "categoryId": "vegetable",
      "categoryName": "Λαχανικό",
      "subDirectory": "vegetables",
      "texture": "shiitakemushroom.png"
    },
    {
      "id": "snappea",
      "name": "Μπιζέλι",
      "categoryId": "vegetable",
      "categoryName": "Λαχανικό",
      "subDirectory": "vegetables",
      "texture": "snappea.png"
    },
    {
      "id": "snowpea",
      "name": "Χιόνι",
      "categoryId": "vegetable",
      "categoryName": "Λαχανικό",
      "subDirectory": "vegetables",
      "texture": "snowpea.png"
    },
    {
      "id": "sorrel",
      "name": "Οξαλίδα",
      "categoryId": "vegetable",
      "categoryName": "Λαχανικό",
      "subDirectory": "vegetables",
      "texture": "sorrel.png"
    },
    {
      "id": "soybean",
      "name": "Κύαμος σόγιας",
      "categoryId": "vegetable",
      "categoryName": "Λαχανικό",
      "subDirectory": "vegetables",
      "texture": "soybean.png"
    },
    {
      "id": "spinach",
      "name": "Σπανάκι",
      "categoryId": "vegetable",
      "categoryName": "Λαχανικό",
      "subDirectory": "vegetables",
      "texture": "spinach.png"
    },
    {
      "id": "springonion",
      "name": "Κρεμμύδι",
      "categoryId": "vegetable",
      "categoryName": "Λαχανικό",
      "subDirectory": "vegetables",
      "texture": "springonion.png"
    },
    {
      "id": "squash",
      "name": "Σκουός",
      "categoryId": "vegetable",
      "categoryName": "Λαχανικό",
      "subDirectory": "vegetables",
      "texture": "squash.png"
    },
    {
      "id": "summercabbage",
      "name": "Καλοκαιρινό λάχανο",
      "categoryId": "vegetable",
      "categoryName": "Λαχανικό",
      "subDirectory": "vegetables",
      "texture": "summercabbage.png"
    },
    {
      "id": "swede",
      "name": "Σουηδός",
      "categoryId": "vegetable",
      "categoryName": "Λαχανικό",
      "subDirectory": "vegetables",
      "texture": "swede.png"
    },
    {
      "id": "sweetcorn",
      "name": "Γλυκό καλαμπόκι",
      "categoryId": "vegetable",
      "categoryName": "Λαχανικό",
      "subDirectory": "vegetables",
      "texture": "sweetcorn.png"
    },
    {
      "id": "sweetpotato",
      "name": "Γλυκοπατάτα",
      "categoryId": "vegetable",
      "categoryName": "Λαχανικό",
      "subDirectory": "vegetables",
      "texture": "sweetpotato.png"
    },
    {
      "id": "swisschard",
      "name": "Είδος σέσκλου",
      "categoryId": "vegetable",
      "categoryName": "Λαχανικό",
      "subDirectory": "vegetables",
      "texture": "swisschard.png"
    },
    {
      "id": "taro",
      "name": "Ταρώο",
      "categoryId": "vegetable",
      "categoryName": "Λαχανικό",
      "subDirectory": "vegetables",
      "texture": "taro.png"
    },
    {
      "id": "tomato",
      "name": "Ντομάτα",
      "categoryId": "vegetable",
      "categoryName": "Λαχανικό",
      "subDirectory": "vegetables",
      "texture": "tomato.png"
    },
    {
      "id": "tomato-stored",
      "name": "Ντομάτα (αποθηκευμένη)",
      "categoryId": "vegetable",
      "categoryName": "Λαχανικό",
      "subDirectory": "vegetables",
      "texture": "tomato-stored.png"
    },
    {
      "id": "truffleblack",
      "name": "Μαύρη τρούφα",
      "categoryId": "vegetable",
      "categoryName": "Λαχανικό",
      "subDirectory": "vegetables",
      "texture": "truffleblack.png"
    },
    {
      "id": "trufflewhite",
      "name": "Λευκή τρούφα",
      "categoryId": "vegetable",
      "categoryName": "Λαχανικό",
      "subDirectory": "vegetables",
      "texture": "trufflewhite.png"
    },
    {
      "id": "turnip",
      "name": "Γογγύλι",
      "categoryId": "vegetable",
      "categoryName": "Λαχανικό",
      "subDirectory": "vegetables",
      "texture": "turnip.png"
    },
    {
      "id": "watercress",
      "name": "Κάρδαμο",
      "categoryId": "vegetable",
      "categoryName": "Λαχανικό",
      "subDirectory": "vegetables",
      "texture": "watercress.png"
    },
    {
      "id": "watermelon",
      "name": "Καρπούζι",
      "categoryId": "vegetable",
      "categoryName": "Λαχανικό",
      "subDirectory": "vegetables",
      "texture": "watermelon.png"
    },
    {
      "id": "whiteasparagus",
      "name": "Σπαράγγι",
      "categoryId": "vegetable",
      "categoryName": "Λαχανικό",
      "subDirectory": "vegetables",
      "texture": "whiteasparagus.png"
    },
    {
      "id": "whitebean",
      "name": "Λευκά φασόλια",
      "categoryId": "vegetable",
      "categoryName": "Λαχανικό",
      "subDirectory": "vegetables",
      "texture": "whitebean.png"
    },
    {
      "id": "whitecabbage",
      "name": "Λευκό λάχανο",
      "categoryId": "vegetable",
      "categoryName": "Λαχανικό",
      "subDirectory": "vegetables",
      "texture": "whitecabbage.png"
    },
    {
      "id": "whiteradish",
      "name": "Λευκό ραπανάκι",
      "categoryId": "vegetable",
      "categoryName": "Λαχανικό",
      "subDirectory": "vegetables",
      "texture": "whiteradish.png"
    },
    {
      "id": "wildgarlic",
      "name": "Άγριο σκόρδο",
      "categoryId": "vegetable",
      "categoryName": "Λαχανικό",
      "subDirectory": "vegetables",
      "texture": "wildgarlic.png"
    },
    {
      "id": "wildgreens",
      "name": "Άγρια χόρτα",
      "categoryId": "vegetable",
      "categoryName": "Λαχανικό",
      "subDirectory": "vegetables",
      "texture": "wildgreens.png"
    },
    {
      "id": "wintermelon",
      "name": "Χειμερινό πεπόνι",
      "categoryId": "vegetable",
      "categoryName": "Λαχανικό",
      "subDirectory": "vegetables",
      "texture": "wintermelon.png"
    }
  ]
}